Column1,Column2,Column3,Column4,Column5,Column6
 Aftab , zarif , BUR-AFTAB-M , M , -   ,
 Aftab , zarif , BUR-AFTAB-L , L , -   ,
 Aftab , zarif , BUR-AFTAB-XL , XL , -   ,
 Aftab , zarif , BUR-AFTAB-S , S , -   ,https://cdn.shopify.com/s/files/1/0622/3429/6405/files/DSC05209__2.jpg?v=1767946299
 Agha , shan-e-buraq , BUR-AGHA-S , S , -   ,https://cdn.shopify.com/s/files/1/0622/3429/6405/files/media_image-41b3a786b80941cb99a122d417a0e6e2_30f46b21-ddca-423a-aea9-ae24e26ba5c2.webp?v=1768023763
 Agha , shan-e-buraq , BUR-AGHA-L , L , -   ,
 Agha , shan-e-buraq , BUR-AGHA-M , M , -   ,
 Agha , shan-e-buraq , BUR-AGHA-XL , XL , -   ,
 Amarat , farmanrawa , BUR-AMARA-S , S , -   ,https://cdn.shopify.com/s/files/1/0622/3429/6405/files/Layer4.jpg?v=1767872055
 Amarat , farmanrawa , BUR-AMARA-M , M , -   ,https://cdn.shopify.com/s/files/1/0622/3429/6405/files/Layer4.jpg?v=1767872055
 Amarat , farmanrawa , BUR-AMARA-L , L , -   ,https://cdn.shopify.com/s/files/1/0622/3429/6405/files/Layer4.jpg?v=1767872055
 Amarat , farmanrawa , BUR-AMARA-XL , XL , -   ,
 Ameer , farmanrawa , BUR-AMEER-XL , XL , -   ,
 Ameer , farmanrawa , BUR-AMEER-S , S , -   ,https://cdn.shopify.com/s/files/1/0622/3429/6405/files/cropped_image-173150337606940_cc0acd66-2cce-4f38-98e8-3c445697293c.webp?v=1768284086
 Ameer , farmanrawa , BUR-AMEER-L , L , -   ,
 Ameer , farmanrawa , BUR-AMEER-XS , XS , -   ,
 Ameer , farmanrawa , BUR-AMEER-M , M , -   ,
 Andaaz , zaviyaar , BUR-ANDAA-XS , XS , -   ,
 Andaaz , zaviyaar , BUR-ANDAA-S , S , -   ,https://cdn.shopify.com/s/files/1/0622/3429/6405/files/DSC04921__2.jpg?v=1767858825
 Andaaz , zaviyaar , BUR-ANDAA-M , M , -   ,
 Andaaz , zaviyaar , BUR-ANDAA-L , L , -   ,
 Andaaz , zaviyaar , BUR-ANDAA-XXL , XXL , -   ,
 Andaaz , zaviyaar , BUR-ANDAA-XL , XL , -   ,
 Aqua Green Collared , alif-1 , BUR-B0-M-7 , M , -   ,
 Aqua Green Collared , alif-1 , BUR-B0-S-7 , S , -   ,https://cdn.shopify.com/s/files/1/0622/3429/6405/files/DSC05045__2_1.jpg?v=1767939997
 Aqua Green Collared , alif-1 , BUR-B0-XS-7 , XS , -   ,
 Aqua Green Collared , alif-1 , BUR-B0-XL-7 , XL , -   ,
 Aqua Green Collared , alif-1 , BUR-B0-L-7 , L , -   ,
 Armaan , shaandar , BUR-ARMAA-M , M , -   ,
 Armaan , shaandar , BUR-ARMAA-XL , XL , -   ,
 Armaan , shaandar , BUR-ARMAA-S , S , -   ,https://cdn.shopify.com/s/files/1/0622/3429/6405/files/cropped_image-173650498451371_dc3ed4e3-6d48-4ebf-a1e3-0251d3c5fa27.webp?v=1768283739
 Armaan , shaandar , BUR-ARMAA-L , L , -   ,
 Asfar , shaandar , BUR-ASFAR-L , L , -   ,
 Asfar , shaandar , BUR-ASFAR-M , M , -   ,
 Asfar , shaandar , BUR-ASFAR-XL , XL , -   ,
 Asfar , shaandar , BUR-ASFAR-S , S , -   ,https://cdn.shopify.com/s/files/1/0622/3429/6405/files/DSC04800__2_1.jpg?v=1768207533
 Ayaan , shaandar , BUR-AYAAN-XL-0 , XL , -   ,
 Ayaan , shaandar , BUR-AYAAN-L-0 , L , -   ,
 Ayaan , shaandar , BUR-AYAAN-S-0 , S , -   ,https://cdn.shopify.com/s/files/1/0622/3429/6405/files/DSC05363__2.jpg?v=1767859786
 Ayaan , shaandar , BUR-AYAAN-M-0 , M , -   ,
 Ayaan , zaviyaar , BUR-AYAAN-S , S , -   ,
 Ayaan , zaviyaar , BUR-AYAAN-XS , XS , -   ,
 Ayaan , zaviyaar , BUR-AYAAN-XXL , XXL , -   ,
 Ayaan , zaviyaar , BUR-AYAAN-M , M , -   ,
 Ayaan , zaviyaar , BUR-AYAAN-XL , XL , -   ,
 Ayaan , zaviyaar , BUR-AYAAN-L , L , -   ,
 Ayyubi , buraq-raahi , BUR-PBSWM-M-3 , M , -   ,
 Ayyubi , buraq-raahi , BUR-PBSWM-XXL-3 , XXL , -   ,
 Ayyubi , buraq-raahi , BUR-PBSWM-S-3 , S , -   ,
 Ayyubi , buraq-raahi , BUR-PBSWM-XL-3 , XL , -   ,
 Ayyubi , buraq-raahi , BUR-PBSWM-L-3 , L , -   ,
 Azar , junoon , BUR-AZAR-L , L , -   ,
 Azar , junoon , BUR-AZAR-M , M , -   ,
 Azar , junoon , BUR-AZAR-S , S , -   ,https://cdn.shopify.com/s/files/1/0622/3429/6405/files/Layer20_b7d1ee64-3850-4226-84bf-dc74d0de652e.jpg?v=1768200736
 Azar , junoon , BUR-AZAR-XL , XL , -   ,
 Bazil , farmanrawa , BUR-BAZIL-M , M , -   ,
 Bazil , farmanrawa , BUR-BAZIL-L , L , -   ,
 Bazil , farmanrawa , BUR-BAZIL-XL , XL , -   ,
 Bazil , farmanrawa , BUR-BAZIL-S , S , -   ,https://cdn.shopify.com/s/files/1/0622/3429/6405/files/cropped_image-173469562915009_b1262810-fd2f-449c-9e7c-0ce8a4fb09d4.webp?v=1768284194
 Bazm , zarif , BUR-BAZM-XL , XL , -   ,
 Bazm , zarif , BUR-BAZM-S , S , -   ,https://cdn.shopify.com/s/files/1/0622/3429/6405/files/DSC04124.jpg?v=1767946645
 Bazm , zarif , BUR-BAZM-M , M , -   ,
 Bazm , zarif , BUR-BAZM-L , L , -   ,
 Bisciotti Brown , alif-1 , BUR-BB-XL-0 , XL , -   ,
 Bisciotti Brown , alif-1 , BUR-BB-M , M , -   ,
 Bisciotti Brown , alif-1 , BUR-BB-L , L , -   ,
 Bisciotti Brown , alif-1 , BUR-BB-S , S , -   ,https://cdn.shopify.com/s/files/1/0622/3429/6405/files/cropped_image-173615109133302_7ff7a34a-5075-4fcf-87c8-065daaa13b8c.webp?v=1767942226
 Black , buraq-west-west-drop-1 , BUR-BLACK-XL-1 , XL , -   ,
 Black , buraq-west-west-drop-1 , BUR-BLACK-XXL , XXL , -   ,
 Black , buraq-west-west-drop-1 , BUR-BLACK-M-1 , M , -   ,
 Black , buraq-west-west-drop-1 , BUR-BLACK-L-1 , L , -   ,
 Black , riwayat-0 , BUR-BLACK-L , L , -   ,
 Black , riwayat-0 , BUR-BLACK-M , M , -   ,
 Black , riwayat-0 , BUR-BLACK-S , S , -   ,https://cdn.shopify.com/s/files/1/0622/3429/6405/files/DSC09792.jpg?v=1767869279
 Black , riwayat-0 , BUR-BLACK-XL , XL , -   ,
 Black , riwayat-0 , BUR-BLACK-XS , XS , -   ,
 BLACK , siqafat , BUR-BLACK-S-0 , S , -   ,https://cdn.shopify.com/s/files/1/0622/3429/6405/files/Layer2_d9632428-c696-478c-bbae-e1d1f5dcfdf0.jpg?v=1767878061
 BLACK , siqafat , BUR-BLACK-XS-0 , XS , -   ,
 BLACK , siqafat , BUR-BLACK-M-0 , M , -   ,
 BLACK , siqafat , BUR-BLACK-XL-0 , XL , -   ,
 BLACK , siqafat , BUR-BLACK-L-0 , L , -   ,
 Black Ban Plain - Kameez Shalwar - Men , buraq-shahkaar , BUR-BBP-K-L-1 , L , -   ,
 Black Ban Plain - Kameez Shalwar - Men , buraq-shahkaar , BUR-BBP-K-S-1 , S , -   ,https://cdn.shopify.com/s/files/1/0622/3429/6405/files/DSC_0904.jpg?v=1772102334
 Black Ban Plain - Kameez Shalwar - Men , buraq-shahkaar , BUR-BBP-K-M-1 , M , -   ,
 Black Ban Plain - Kameez Shalwar - Men , buraq-shahkaar , BUR-BBP-K-XL-1 , XL , -   ,
 Black Collar , alif-1 , BUR-BC-M-0 , M , -   ,
 Black Collar , alif-1 , BUR-BC-L-0 , L , -   ,
 Black Collar , alif-1 , BUR-BC-XL-0 , XL , -   ,
 Black Collar , alif-1 , BUR-BC-S-0 , S , -   ,https://cdn.shopify.com/s/files/1/0622/3429/6405/files/DSC_0978.jpg?v=1770893133
 Black Collar Plain - Kameez Shalwar - Men ,, BUR-BCP-K-S-2 , S , -   ,https://cdn.shopify.com/s/files/1/0622/3429/6405/files/20251231072506-b9522b14c5f24788-media_image-5e33d0c785ea47588ce0d21785c4ad64.webp?v=1768202078
 Black Collar Plain - Kameez Shalwar - Men ,, BUR-BCP-K-M-2 , M , -   ,
 Black Collar Plain - Kameez Shalwar - Men ,, BUR-BCP-K-L-2 , L , -   ,
 Black Collar Plain - Kameez Shalwar - Men ,, BUR-BCP-K-XL-2 , XL , -   ,
 Black Suiting Cap - Double Embroidery - Men , buraq-islamic-koofi-cap , BUR-BSC-D-XL-0 , XL , -   ,
 Black Suiting Cap - Double Embroidery - Men , buraq-islamic-koofi-cap , BUR-BSC-D-S-0 , S , -   ,
 Black Suiting Cap - Double Embroidery - Men , buraq-islamic-koofi-cap , BUR-BSC-D-M-0 , M , -   ,
 Black Suiting Cap - Double Embroidery - Men , buraq-islamic-koofi-cap , BUR-BSC-D-XS-0 , XS , -   ,
 Black Suiting Cap - Double Embroidery - Men , buraq-islamic-koofi-cap , BUR-BSC-D-L-0 , L , -   ,
 Black Suiting Cap - Single Embroidery - Men , buraq-islamic-koofi-cap , BUR-BSC-S-XL-0 , XL , -   ,
 Black Suiting Cap - Single Embroidery - Men , buraq-islamic-koofi-cap , BUR-BSC-S-M-0 , M , -   ,
 Black Suiting Cap - Single Embroidery - Men , buraq-islamic-koofi-cap , BUR-BSC-S-L-0 , L , -   ,
 Black Suiting Cap - Single Embroidery - Men , buraq-islamic-koofi-cap , BUR-BSC-S-XS-0 , XS , -   ,
 Black Suiting Cap - Single Embroidery - Men , buraq-islamic-koofi-cap , BUR-BSC-S-S-0 , S , -   ,https://cdn.shopify.com/s/files/1/0622/3429/6405/files/DSC_1154.jpg?v=1770892935
 Blue , alif-1 , BUR-BLUE-XL , XL , -   ,
 Blue , alif-1 , BUR-BLUE-L-0 , L , -   ,
 Blue , alif-1 , BUR-BLUE-S-0 , S , -   ,https://cdn.shopify.com/s/files/1/0622/3429/6405/files/cropped_image-173977596561244_54bfb2d4-28c0-4cd9-8dd3-aa557c90111a.webp?v=1767942385
 Blue , alif-1 , BUR-BLUE-M-0 , M , -   ,
 Blue , buraq-west-west-drop-1 , BUR-BLUE-XL-0 , XL , -   ,
 Blue , buraq-west-west-drop-1 , BUR-BLUE-M-1 , M , -   ,
 Blue , buraq-west-west-drop-1 , BUR-BLUE-XXL , XXL , -   ,
 Blue , buraq-west-west-drop-1 , BUR-BLUE-L-1 , L , -   ,
 Blue Ban , alif-1 , BUR-B0-L-10 , L , -   ,
 Blue Ban , alif-1 , BUR-B0-S-10 , S , -   ,https://cdn.shopify.com/s/files/1/0622/3429/6405/files/DSC_0678.jpg?v=1772101271
 Blue Ban , alif-1 , BUR-BB-XL , XL , -   ,
 Blue Ban , alif-1 , BUR-B0-M-10 , M , -   ,
 Blue Ban Plain - Kameez Shalwar - Men , buraq-shahkaar , BUR-BBP-K-S-0 , S , -   ,
 Blue Ban Plain - Kameez Shalwar - Men , buraq-shahkaar , BUR-BBP-K-M-0 , M , -   ,
 Blue Ban Plain - Kameez Shalwar - Men , buraq-shahkaar , BUR-BBP-K-L-0 , L , -   ,
 Blue Ban Plain - Kameez Shalwar - Men , buraq-shahkaar , BUR-BBP-K-XL-0 , XL , -   ,
 Blue Collar Plain - Kameez Shalwar - Men , buraq-shahkaar , BUR-BCP-K-M-0 , M , -   ,
 Blue Collar Plain - Kameez Shalwar - Men , buraq-shahkaar , BUR-BCP-K-XL-0 , XL , -   ,
 Blue Collar Plain - Kameez Shalwar - Men , buraq-shahkaar , BUR-BCP-K-L-0 , L , -   ,
 Blue Collar Plain - Kameez Shalwar - Men , buraq-shahkaar , BUR-BCP-K-S-0 , S , -   ,https://cdn.shopify.com/s/files/1/0622/3429/6405/files/DSC_1039.jpg?v=1772101726
 Blue Print , buraq-west-west-drop-1 , BUR-BP-XL , XL , -   ,
 Blue Print , buraq-west-west-drop-1 , BUR-BP-M , M , -   ,
 Blue Print , buraq-west-west-drop-1 , BUR-BP-XXL , XXL , -   ,
 Blue Print , buraq-west-west-drop-1 , BUR-BP-L , L , -   ,
 Blue Stripper , buraq-west-west-drop-1 , BUR-BS-L , L , -   ,
 Blue Stripper , buraq-west-west-drop-1 , BUR-BS-XXL , XXL , -   ,
 Blue Stripper , buraq-west-west-drop-1 , BUR-BS-XL , XL , -   ,
 Blue Stripper , buraq-west-west-drop-1 , BUR-BS-M , M , -   ,
 Blue Stripper , buraq-west-west-drop-1 , BUR-BS-XL-1 , XL , -   ,
 Blue Stripper , buraq-west-west-drop-1 , BUR-BS-L-1 , L , -   ,
 Blue Stripper , buraq-west-west-drop-1 , BUR-BS-M-1 , M , -   ,
 Blue Stripper , buraq-west-west-drop-1 , BUR-BS-XXL-1 , XXL , -   ,
 BONE , buraq-eid-edits-25 , BUR-BONE-XL , XL , -   ,
 BONE , buraq-eid-edits-25 , BUR-BONE-L , L , -   ,
 BONE , buraq-eid-edits-25 , BUR-BONE-S , S , -   ,https://cdn.shopify.com/s/files/1/0622/3429/6405/files/DSC07464.jpg?v=1767955227
 BONE , buraq-eid-edits-25 , BUR-BONE-M , M , -   ,
 BROWN , buraq-eid-edits-25 , BUR-BROWN-XL-1 , XL , -   ,
 BROWN , buraq-eid-edits-25 , BUR-BROWN-S-1 , S , -   ,
 BROWN , buraq-eid-edits-25 , BUR-BROWN-L-1 , L , -   ,
 BROWN , buraq-eid-edits-25 , BUR-BROWN-M-1 , M , -   ,
 Brown , riwayat-0 , BUR-BROWN-XS , XS , -   ,
 Brown , riwayat-0 , BUR-BROWN-XL , XL , -   ,
 Brown , riwayat-0 , BUR-BROWN-L , L , -   ,
 Brown , riwayat-0 , BUR-BROWN-M , M , -   ,
 Brown , riwayat-0 , BUR-BROWN-S , S , -   ,
 BROWN , siqafat , BUR-BROWN-L-0 , L , -   ,
 BROWN , siqafat , BUR-BROWN-M-0 , M , -   ,
 BROWN , siqafat , BUR-BROWN-XS-0 , XS , -   ,
 BROWN , siqafat , BUR-BROWN-XL-0 , XL , -   ,
 BROWN , siqafat , BUR-BROWN-S-0 , S , -   ,
 BRQ 163 , buraq-west-west-drop-1 , BUR-B1-XXL , XXL , -   ,
 BRQ 163 , buraq-west-west-drop-1 , BUR-B1-M , M , -   ,
 BRQ 163 , buraq-west-west-drop-1 , BUR-B1-XL , XL , -   ,
 BRQ 163 , buraq-west-west-drop-1 , BUR-B1-L , L , -   ,
 BRQ 164 , buraq-west-drop-02 , BUR-B1-M-0 , M , -   ,
 BRQ 164 , buraq-west-drop-02 , BUR-B1-XXL-0 , XXL , -   ,
 BRQ 164 , buraq-west-drop-02 , BUR-B1-L-0 , L , -   ,
 BRQ 164 , buraq-west-drop-02 , BUR-B1-XL-0 , XL , -   ,
 BRQ 165 , buraq-west-drop-02 , BUR-B1-M-1 , M , -   ,
 BRQ 165 , buraq-west-drop-02 , BUR-B1-XL-1 , XL , -   ,
 BRQ 165 , buraq-west-drop-02 , BUR-B1-XXL-1 , XXL , -   ,
 BRQ 165 , buraq-west-drop-02 , BUR-B1-L-1 , L , -   ,
 BRQ 166 , buraq-west-drop-02 , BUR-B1-M-2 , M , -   ,
 BRQ 166 , buraq-west-drop-02 , BUR-B1-L-2 , L , -   ,
 BRQ 166 , buraq-west-drop-02 , BUR-B1-XL-2 , XL , -   ,
 BRQ 166 , buraq-west-drop-02 , BUR-B1-XXL-2 , XXL , -   ,
 BRQ 167 , buraq-west-drop-02 , BUR-B1-XXL-3 , XXL , -   ,
 BRQ 167 , buraq-west-drop-02 , BUR-B1-M-3 , M , -   ,
 BRQ 167 , buraq-west-drop-02 , BUR-B1-L-3 , L , -   ,
 BRQ 167 , buraq-west-drop-02 , BUR-B1-XL-3 , XL , -   ,
 BRQ 168 , buraq-west-drop-02 , BUR-B1-XXL-4 , XXL , -   ,
 BRQ 168 , buraq-west-drop-02 , BUR-B1-M-4 , M , -   ,
 BRQ 168 , buraq-west-drop-02 , BUR-B1-L-4 , L , -   ,
 BRQ 168 , buraq-west-drop-02 , BUR-B1-XL-4 , XL , -   ,
 BRQ 169 , buraq-west-drop-02 , BUR-B1-M-5 , M , -   ,
 BRQ 169 , buraq-west-drop-02 , BUR-B1-L-5 , L , -   ,
 BRQ 169 , buraq-west-drop-02 , BUR-B1-XL-5 , XL , -   ,
 BRQ 169 , buraq-west-drop-02 , BUR-B1-XXL-5 , XXL , -   ,
 BRQ 170 , buraq-west-drop-02 , BUR-B1-L-6 , L , -   ,
 BRQ 170 , buraq-west-drop-02 , BUR-B1-XXL-6 , XXL , -   ,
 BRQ 170 , buraq-west-drop-02 , BUR-B1-XL-6 , XL , -   ,
 BRQ 170 , buraq-west-drop-02 , BUR-B1-M-6 , M , -   ,
 BRQ 171 , buraq-west-drop-02 , BUR-B1-M-7 , M , -   ,
 BRQ 171 , buraq-west-drop-02 , BUR-B1-L-7 , L , -   ,
 BRQ 171 , buraq-west-drop-02 , BUR-B1-XL-7 , XL , -   ,
 BRQ 171 , buraq-west-drop-02 , BUR-B1-XXL-7 , XXL , -   ,
 BRQ 172 , buraq-west-drop-02 , BUR-B1-XL-8 , XL , -   ,
 BRQ 172 , buraq-west-drop-02 , BUR-B1-M-8 , M , -   ,
 BRQ 172 , buraq-west-drop-02 , BUR-B1-L-8 , L , -   ,
 BRQ 172 , buraq-west-drop-02 , BUR-B1-XXL-8 , XXL , -   ,
 BRQ 173 , buraq-west-drop-02 , BUR-B1-XXL-28 , XXL , -   ,
 BRQ 173 , buraq-west-drop-02 , BUR-B1-M-28 , M , -   ,
 BRQ 173 , buraq-west-drop-02 , BUR-B1-L-28 , L , -   ,
 BRQ 173 , buraq-west-drop-02 , BUR-B1-XL-28 , XL , -   ,
 BRQ 179 , buraq-west-drop-03 , BUR-B1-XL-9 , XL , -   ,
 BRQ 179 , buraq-west-drop-03 , BUR-B1-L-9 , L , -   ,
 BRQ 179 , buraq-west-drop-03 , BUR-B1-XXL-9 , XXL , -   ,
 BRQ 179 , buraq-west-drop-03 , BUR-B1-M-9 , M , -   ,
 BRQ 180 , buraq-west-drop-03 , BUR-B1-M-10 , M , -   ,
 BRQ 180 , buraq-west-drop-03 , BUR-B1-L-10 , L , -   ,
 BRQ 180 , buraq-west-drop-03 , BUR-B1-XXL-10 , XXL , -   ,
 BRQ 180 , buraq-west-drop-03 , BUR-B1-XL-10 , XL , -   ,
 BRQ 181 , buraq-west-drop-03 , BUR-B1-M-13 , M , -   ,
 BRQ 181 , buraq-west-drop-03 , BUR-B1-XL-13 , XL , -   ,
 BRQ 181 , buraq-west-drop-03 , BUR-B1-L-13 , L , -   ,
 BRQ 181 , buraq-west-drop-03 , BUR-B1-XXL-13 , XXL , -   ,
 BRQ 182 , buraq-west-drop-03 , BUR-B1-M-14 , M , -   ,
 BRQ 182 , buraq-west-drop-03 , BUR-B1-XL-14 , XL , -   ,
 BRQ 182 , buraq-west-drop-03 , BUR-B1-L-14 , L , -   ,
 BRQ 182 , buraq-west-drop-03 , BUR-B1-XXL-14 , XXL , -   ,
 BRQ 183 , buraq-west-drop-03 , BUR-B1-XL-11 , XL , -   ,
 BRQ 183 , buraq-west-drop-03 , BUR-B1-XXL-11 , XXL , -   ,
 BRQ 183 , buraq-west-drop-03 , BUR-B1-M-11 , M , -   ,
 BRQ 183 , buraq-west-drop-03 , BUR-B1-L-11 , L , -   ,
 BRQ 184 , buraq-west-drop-03 , BUR-B1-XL-15 , XL , -   ,
 BRQ 184 , buraq-west-drop-03 , BUR-B1-XXL-15 , XXL , -   ,
 BRQ 184 , buraq-west-drop-03 , BUR-B1-M-15 , M , -   ,
 BRQ 184 , buraq-west-drop-03 , BUR-B1-L-15 , L , -   ,
 BRQ 185 , buraq-west-drop-03 , BUR-B1-XL-12 , XL , -   ,
 BRQ 185 , buraq-west-drop-03 , BUR-B1-L-12 , L , -   ,
 BRQ 185 , buraq-west-drop-03 , BUR-B1-XXL-12 , XXL , -   ,
 BRQ 185 , buraq-west-drop-03 , BUR-B1-M-12 , M , -   ,
 BRQ 186 , buraq-west-drop-03 , BUR-B1-M-16 , M , -   ,
 BRQ 186 , buraq-west-drop-03 , BUR-B1-L-16 , L , -   ,
 BRQ 186 , buraq-west-drop-03 , BUR-B1-XL-16 , XL , -   ,
 BRQ 186 , buraq-west-drop-03 , BUR-B1-XXL-16 , XXL , -   ,
 BRQ 187 , buraq-rangrez , BUR-B1-XXL-20 , XXL , -   ,
 BRQ 187 , buraq-rangrez , BUR-B1-S , S , -   ,https://cdn.shopify.com/s/files/1/0622/3429/6405/files/SBF06507.jpg?v=1768197721
 BRQ 187 , buraq-rangrez , BUR-B1-M-17 , M , -   ,
 BRQ 187 , buraq-rangrez , BUR-B1-L-17 , L , -   ,
 BRQ 187 , buraq-rangrez , BUR-B1-XL-17 , XL , -   ,
 BRQ 188 , buraq-rangrez , BUR-B1-XXL-21 , XXL , -   ,
 BRQ 188 , buraq-rangrez , BUR-B1-M-18 , M , -   ,
 BRQ 188 , buraq-rangrez , BUR-B1-L-18 , L , -   ,
 BRQ 188 , buraq-rangrez , BUR-B1-S-0 , S , -   ,https://cdn.shopify.com/s/files/1/0622/3429/6405/files/SBF06542.jpg?v=1768198776
 BRQ 188 , buraq-rangrez , BUR-B1-XL-18 , XL , -   ,
 BRQ 189 , buraq-rangrez , BUR-B1-XL-27 , XL , -   ,
 BRQ 189 , buraq-rangrez , BUR-B1-S-9 , S , -   ,https://cdn.shopify.com/s/files/1/0622/3429/6405/files/SBF06562.jpg?v=1768198839
 BRQ 189 , buraq-rangrez , BUR-B1-XXL-22 , XXL , -   ,
 BRQ 189 , buraq-rangrez , BUR-B1-L-27 , L , -   ,
 BRQ 189 , buraq-rangrez , BUR-B1-M-27 , M , -   ,
 BRQ 190 , buraq-rangrez , BUR-B1-XL-19 , XL , -   ,
 BRQ 190 , buraq-rangrez , BUR-B1-XXL-23 , XXL , -   ,
 BRQ 190 , buraq-rangrez , BUR-B1-S-1 , S , -   ,https://cdn.shopify.com/s/files/1/0622/3429/6405/files/SBF06562_8c06edfe-9f3a-48c2-8ef8-4621c556b8e8.jpg?v=1768199646
 BRQ 190 , buraq-rangrez , BUR-B1-M-19 , M , -   ,
 BRQ 190 , buraq-rangrez , BUR-B1-L-19 , L , -   ,
 BRQ 191 , buraq-rangrez , BUR-B1-M-20 , M , -   ,
 BRQ 191 , buraq-rangrez , BUR-B1-L-20 , L , -   ,
 BRQ 191 , buraq-rangrez , BUR-B1-XXL-24 , XXL , -   ,
 BRQ 191 , buraq-rangrez , BUR-B1-S-2 , S , -   ,https://cdn.shopify.com/s/files/1/0622/3429/6405/files/SBF06602.jpg?v=1768199753
 BRQ 191 , buraq-rangrez , BUR-B1-XL-20 , XL , -   ,
 BRQ 192 , buraq-rangrez , BUR-B1-XXL-25 , XXL , -   ,
 BRQ 192 , buraq-rangrez , BUR-B1-L-21 , L , -   ,
 BRQ 192 , buraq-rangrez , BUR-B1-S-3 , S , -   ,https://cdn.shopify.com/s/files/1/0622/3429/6405/files/SBF06617.jpg?v=1768199894
 BRQ 192 , buraq-rangrez , BUR-B1-M-21 , M , -   ,
 BRQ 192 , buraq-rangrez , BUR-B1-XL-21 , XL , -   ,
 BRQ 193 , buraq-rangrez , BUR-B1-S-4 , S , -   ,https://cdn.shopify.com/s/files/1/0622/3429/6405/files/SBF06631.jpg?v=1768199971
 BRQ 193 , buraq-rangrez , BUR-B1-XXL-26 , XXL , -   ,
 BRQ 193 , buraq-rangrez , BUR-B1-L-22 , L , -   ,
 BRQ 193 , buraq-rangrez , BUR-B1-M-22 , M , -   ,
 BRQ 193 , buraq-rangrez , BUR-B1-XL-22 , XL , -   ,
 BRQ 194 , buraq-rangrez , BUR-B1-XL-23 , XL , -   ,
 BRQ 194 , buraq-rangrez , BUR-B1-XXL-18 , XXL , -   ,
 BRQ 194 , buraq-rangrez , BUR-B1-S-5 , S , -   ,https://cdn.shopify.com/s/files/1/0622/3429/6405/files/SBF06645.jpg?v=1768200087
 BRQ 194 , buraq-rangrez , BUR-B1-M-23 , M , -   ,
 BRQ 194 , buraq-rangrez , BUR-B1-L-23 , L , -   ,
 BRQ 195 , buraq-rangrez , BUR-B1-XXL-27 , XXL , -   ,
 BRQ 195 , buraq-rangrez , BUR-B1-M-24 , M , -   ,
 BRQ 195 , buraq-rangrez , BUR-B1-S-6 , S , -   ,https://cdn.shopify.com/s/files/1/0622/3429/6405/files/SBF06660.jpg?v=1768200164
 BRQ 195 , buraq-rangrez , BUR-B1-XL-24 , XL , -   ,
 BRQ 195 , buraq-rangrez , BUR-B1-L-24 , L , -   ,
 BRQ 196 , buraq-rangrez , BUR-B1-XL-25 , XL , -   ,
 BRQ 196 , buraq-rangrez , BUR-B1-S-7 , S , -   ,https://cdn.shopify.com/s/files/1/0622/3429/6405/files/SBF06674.jpg?v=1768200227
 BRQ 196 , buraq-rangrez , BUR-B1-XXL-19 , XXL , -   ,
 BRQ 196 , buraq-rangrez , BUR-B1-L-25 , L , -   ,
 BRQ 196 , buraq-rangrez , BUR-B1-M-25 , M , -   ,
 BRQ 197 , buraq-rangrez , BUR-B1-L-26 , L , -   ,
 BRQ 197 , buraq-rangrez , BUR-B1-XXL-17 , XXL , -   ,
 BRQ 197 , buraq-rangrez , BUR-B1-M-26 , M , -   ,
 BRQ 197 , buraq-rangrez , BUR-B1-XL-26 , XL , -   ,
 BRQ 197 , buraq-rangrez , BUR-B1-S-8 , S , -   ,https://cdn.shopify.com/s/files/1/0622/3429/6405/files/SBF06777.jpg?v=1768200307
 Bukhari , buraq-raahi , BUR-PSWMW-L-0 , L , -   ,
 Bukhari , buraq-raahi , BUR-PSWMW-S-0 , S , -   ,
 Bukhari , buraq-raahi , BUR-PSWMW-M-0 , M , -   ,
 Bukhari , buraq-raahi , BUR-PSWMW-XL-0 , XL , -   ,
 Bukhari , buraq-raahi , BUR-PSWMW-XXL-0 , XXL , -   ,
 BUTTLER , buraq-eid-edits-25 , BUR-BUTTL-S , S , -   ,https://cdn.shopify.com/s/files/1/0622/3429/6405/files/DSC07068.jpg?v=1767955426
 BUTTLER , buraq-eid-edits-25 , BUR-BUTTL-XL , XL , -   ,
 BUTTLER , buraq-eid-edits-25 , BUR-BUTTL-L , L , -   ,
 BUTTLER , buraq-eid-edits-25 , BUR-BUTTL-M , M , -   ,
 CAMEL , buraq-eid-edits-25 , BUR-CAMEL-S-0 , S , -   ,
 CAMEL , buraq-eid-edits-25 , BUR-CAMEL-XL-0 , XL , -   ,
 CAMEL , buraq-eid-edits-25 , BUR-CAMEL-M-0 , M , -   ,
 CAMEL , buraq-eid-edits-25 , BUR-CAMEL-L-0 , L , -   ,
 Camel , riwayat-0 , BUR-CAMEL-XS , XS , -   ,
 Camel , riwayat-0 , BUR-CAMEL-M , M , -   ,
 Camel , riwayat-0 , BUR-CAMEL-S , S , -   ,https://cdn.shopify.com/s/files/1/0622/3429/6405/files/DSC09858.jpg?v=1767868769
 Camel , riwayat-0 , BUR-CAMEL-L , L , -   ,
 Camel , riwayat-0 , BUR-CAMEL-XL , XL , -   ,
 Camel Brown , riwayat-0 , BUR-CB-XL , XL , -   ,
 Camel Brown , riwayat-0 , BUR-CB-M , M , -   ,
 Camel Brown , riwayat-0 , BUR-CB-XS , XS , -   ,
 Camel Brown , riwayat-0 , BUR-CB-L , L , -   ,
 Camel Brown , riwayat-0 , BUR-CB-S , S , -   ,https://cdn.shopify.com/s/files/1/0622/3429/6405/files/DSC06698.jpg?v=1767954901
 Camel Brown Ban Plain - Kameez Shalwar - Men , buraq-shahkaar , BUR-LBBP--M-0 , M , -   ,
 Camel Brown Ban Plain - Kameez Shalwar - Men , buraq-shahkaar , BUR-LBBP--S-0 , S , -   ,https://cdn.shopify.com/s/files/1/0622/3429/6405/files/DSC06698.jpg?v=1767954901
 Camel Brown Ban Plain - Kameez Shalwar - Men , buraq-shahkaar , BUR-LBBP--L-0 , L , -   ,
 Camel Brown Ban Plain - Kameez Shalwar - Men , buraq-shahkaar , BUR-LBBP--XL-0 , XL , -   ,
 Camel Brown Collar Plain - Kameez Shalwar - Men , buraq-shahkaar , BUR-LBCP--XL-0 , XL , -   ,
 Camel Brown Collar Plain - Kameez Shalwar - Men , buraq-shahkaar , BUR-LBCP--S-0 , S , -   ,https://cdn.shopify.com/s/files/1/0622/3429/6405/files/DSC06698.jpg?v=1767954901
 Camel Brown Collar Plain - Kameez Shalwar - Men , buraq-shahkaar , BUR-LBCP--M-0 , M , -   ,
 Camel Brown Collar Plain - Kameez Shalwar - Men , buraq-shahkaar , BUR-LBCP--L-0 , L , -   ,
 Charcoal Stripper , buraq-west-west-drop-1 , BUR-CS-M , M , -   ,
 Charcoal Stripper , buraq-west-west-drop-1 , BUR-CS-XL , XL , -   ,
 Charcoal Stripper , buraq-west-west-drop-1 , BUR-CS-L , L , -   ,
 Charcoal Stripper , buraq-west-west-drop-1 , BUR-CS-XXL , XXL , -   ,
 Chocolate Brown , riwayat-0 , BUR-B0-L-2 , L , -   ,
 Chocolate Brown , riwayat-0 , BUR-B0-XL-2 , XL , -   ,
 Chocolate Brown , riwayat-0 , BUR-B0-M-2 , M , -   ,
 Chocolate Brown , riwayat-0 , BUR-B0-S-2 , S , -   ,https://cdn.shopify.com/s/files/1/0622/3429/6405/files/DSC06698.jpg?v=1767954901
 Chocolate Brown , riwayat-0 , BUR-B0-XS-2 , XS , -   ,
 Chocolate Brown Suiting Cap - Double Embroidery - Men , buraq-islamic-koofi-cap , BUR-CBSC--XL-1 , XL , -   ,
 Chocolate Brown Suiting Cap - Double Embroidery - Men , buraq-islamic-koofi-cap , BUR-CBSC--L-1 , L , -   ,
 Chocolate Brown Suiting Cap - Double Embroidery - Men , buraq-islamic-koofi-cap , BUR-CBSC--XS-1 , XS , -   ,
 Chocolate Brown Suiting Cap - Double Embroidery - Men , buraq-islamic-koofi-cap , BUR-CBSC--M-1 , M , -   ,
 Chocolate Brown Suiting Cap - Double Embroidery - Men , buraq-islamic-koofi-cap , BUR-CBSC--S-1 , S , -   ,https://cdn.shopify.com/s/files/1/0622/3429/6405/files/DSC06698.jpg?v=1767954901
 Chocolate Brown Suiting Cap - Single Embroidery - Men , buraq-islamic-koofi-cap , BUR-CBSC--S-0 , S , -   ,https://cdn.shopify.com/s/files/1/0622/3429/6405/files/DSC06698.jpg?v=1767954901
 Chocolate Brown Suiting Cap - Single Embroidery - Men , buraq-islamic-koofi-cap , BUR-CBSC--L-0 , L , -   ,
 Chocolate Brown Suiting Cap - Single Embroidery - Men , buraq-islamic-koofi-cap , BUR-CBSC--XL-0 , XL , -   ,
 Chocolate Brown Suiting Cap - Single Embroidery - Men , buraq-islamic-koofi-cap , BUR-CBSC--M-0 , M , -   ,
 Chocolate Brown Suiting Cap - Single Embroidery - Men , buraq-islamic-koofi-cap , BUR-CBSC--XS-0 , XS , -   ,
 Cream Booski Ban Plain - kameez Shalwar - Men  , buraq-shahkaar , BUR-CBP-K-S-0 , S , -   ,https://cdn.shopify.com/s/files/1/0622/3429/6405/files/DSC06698.jpg?v=1767954901
 Cream Booski Ban Plain - kameez Shalwar - Men  , buraq-shahkaar , BUR-CBP-K-L-0 , L , -   ,
 Cream Booski Ban Plain - kameez Shalwar - Men  , buraq-shahkaar , BUR-CBP-K-XL-0 , XL , -   ,
 Cream Booski Ban Plain - kameez Shalwar - Men  , buraq-shahkaar , BUR-CBP-K-M-0 , M , -   ,
 Cream Booski Collar Plain - Kameez Shalwar - Men , buraq-shahkaar , BUR-CBBP--S-0 , S , -   ,https://cdn.shopify.com/s/files/1/0622/3429/6405/files/DSC06698.jpg?v=1767954901
 Cream Booski Collar Plain - Kameez Shalwar - Men , buraq-shahkaar , BUR-CBBP--M-0 , M , -   ,
 Cream Booski Collar Plain - Kameez Shalwar - Men , buraq-shahkaar , BUR-CBBP--L-0 , L , -   ,
 Cream Booski Collar Plain - Kameez Shalwar - Men , buraq-shahkaar , BUR-CBBP--XL-0 , XL , -   ,
 CRYSTAL WHITE , siqafat , BUR-CW-S , S , -   ,https://cdn.shopify.com/s/files/1/0622/3429/6405/files/DSC06698.jpg?v=1767954901
 CRYSTAL WHITE , siqafat , BUR-CW-XS , XS , -   ,
 CRYSTAL WHITE , siqafat , BUR-CW-XL , XL , -   ,
 CRYSTAL WHITE , siqafat , BUR-CW-M , M , -   ,
 CRYSTAL WHITE , siqafat , BUR-CW-L , L , -   ,
 CYPRESS , buraq-eid-edits-25 , BUR-CYPRE-M , M , -   ,
 CYPRESS , buraq-eid-edits-25 , BUR-CYPRE-L , L , -   ,
 CYPRESS , buraq-eid-edits-25 , BUR-CYPRE-XS-0 , XS , -   ,
 CYPRESS , buraq-eid-edits-25 , BUR-CYPRE-XL , XL , -   ,
 CYPRESS , buraq-eid-edits-25 , BUR-CYPRE-S , S , -   ,https://cdn.shopify.com/s/files/1/0622/3429/6405/files/DSC06698.jpg?v=1767954901
 Dark Blue Suiting Cap - Single Embroidery - Men , buraq-islamic-koofi-cap , BUR-RBSC--L-0 , L , -   ,
 Dark Blue Suiting Cap - Single Embroidery - Men , buraq-islamic-koofi-cap , BUR-RBSC--M-0 , M , -   ,
 Dark Blue Suiting Cap - Single Embroidery - Men , buraq-islamic-koofi-cap , BUR-RBSC--S-0 , S , -   ,https://cdn.shopify.com/s/files/1/0622/3429/6405/files/DSC06698.jpg?v=1767954901
 Dark Blue Suiting Cap - Single Embroidery - Men , buraq-islamic-koofi-cap , BUR-RBSC--XS-0 , XS , -   ,
 Dark Blue Suiting Cap - Single Embroidery - Men , buraq-islamic-koofi-cap , BUR-RBSC--XL-0 , XL , -   ,
 Dark Grey , riwayat-0 , BUR-B0-XS-1 , XS , -   ,
 Dark Grey , riwayat-0 , BUR-B0-S-1 , S , -   ,https://cdn.shopify.com/s/files/1/0622/3429/6405/files/DSC06698.jpg?v=1767954901
 Dark Grey , riwayat-0 , BUR-B0-XL-1 , XL , -   ,
 Dark Grey , riwayat-0 , BUR-B0-M-1 , M , -   ,
 Dark Grey , riwayat-0 , BUR-B0-L-1 , L , -   ,
 Dark Grey , riwayat-0 , BUR-DG-XS , XS , -   ,
 Dark Grey , riwayat-0 , BUR-DG-XL , XL , -   ,
 Dark Grey , riwayat-0 , BUR-DG-L , L , -   ,
 Dark Grey , riwayat-0 , BUR-DG-S , S , -   ,https://cdn.shopify.com/s/files/1/0622/3429/6405/files/DSC06698.jpg?v=1767954901
 Dark Grey , riwayat-0 , BUR-DG-M , M , -   ,
 Deep Burgundy Cotton Men’s Suit with Design Pocket , buraq-aks---e---shaam , BUR-DBCMS-XL-0 , XL , -   ,
 Deep Burgundy Cotton Men’s Suit with Design Pocket , buraq-aks---e---shaam , BUR-DBCMS-S-0 , S , -   ,https://cdn.shopify.com/s/files/1/0622/3429/6405/files/DSC06698.jpg?v=1767954901
 Deep Burgundy Cotton Men’s Suit with Design Pocket , buraq-aks---e---shaam , BUR-DBCMS-M-0 , M , -   ,
 Deep Burgundy Cotton Men’s Suit with Design Pocket , buraq-aks---e---shaam , BUR-DBCMS-L-0 , L , -   ,
 Denim Blue , riwayat-0 , BUR-BLUE-XS , XS , -   ,
 Denim Blue , riwayat-0 , BUR-BLUE-M , M , -   ,
 Denim Blue , riwayat-0 , BUR-DB-XL , XL , -   ,
 Denim Blue , riwayat-0 , BUR-BLUE-L , L , -   ,
 Denim Blue , riwayat-0 , BUR-BLUE-S , S , -   ,https://cdn.shopify.com/s/files/1/0622/3429/6405/files/DSC06698.jpg?v=1767954901
 Diyar , zaviyaar , BUR-DIYAR-XL , XL , -   ,
 Diyar , zaviyaar , BUR-DIYAR-M , M , -   ,
 Diyar , zaviyaar , BUR-DIYAR-XXL , XXL , -   ,
 Diyar , zaviyaar , BUR-DIYAR-S , S , -   ,https://cdn.shopify.com/s/files/1/0622/3429/6405/files/DSC06698.jpg?v=1767954901
 Diyar , zaviyaar , BUR-DIYAR-L , L , -   ,
 Diyar , zaviyaar , BUR-DIYAR-XS , XS , -   ,
 Ehsaan , zaviyaar , BUR-EHSAA-M , M , -   ,
 Ehsaan , zaviyaar , BUR-EHSAA-S , S , -   ,https://cdn.shopify.com/s/files/1/0622/3429/6405/files/DSC06698.jpg?v=1767954901
 Ehsaan , zaviyaar , BUR-EHSAA-L , L , -   ,
 Ehsaan , zaviyaar , BUR-EHSAA-XL , XL , -   ,
 Elegant Navy Blue Stitched Kameez Shalwar for Formal & Festive Events , buraq-aks---e---shaam , BUR-ENBSK-S-0 , S , -   ,https://cdn.shopify.com/s/files/1/0622/3429/6405/files/DSC06698.jpg?v=1767954901
 Elegant Navy Blue Stitched Kameez Shalwar for Formal & Festive Events , buraq-aks---e---shaam , BUR-ENBSK-M-0 , M , -   ,
 Elegant Navy Blue Stitched Kameez Shalwar for Formal & Festive Events , buraq-aks---e---shaam , BUR-ENBSK-L-0 , L , -   ,
 Elegant Navy Blue Stitched Kameez Shalwar for Formal & Festive Events , buraq-aks---e---shaam , BUR-ENBSK-XL-0 , XL , -   ,
 Elegant White Designer Shalwar Kameez with Minimalist Stitched , buraq-aks---e---shaam , BUR-EWDSK-XL-0 , XL , -   ,
 Elegant White Designer Shalwar Kameez with Minimalist Stitched , buraq-aks---e---shaam , BUR-EWDSK-S-0 , S , -   ,https://cdn.shopify.com/s/files/1/0622/3429/6405/files/DSC06698.jpg?v=1767954901
 Elegant White Designer Shalwar Kameez with Minimalist Stitched , buraq-aks---e---shaam , BUR-EWDSK-M-0 , M , -   ,
 Elegant White Designer Shalwar Kameez with Minimalist Stitched , buraq-aks---e---shaam , BUR-EWDSK-L-0 , L , -   ,
 Elhan , junoon , BUR-ELHAN-M , M , -   ,
 Elhan , junoon , BUR-ELHAN-XL , XL , -   ,
 Elhan , junoon , BUR-ELHAN-S , S , -   ,https://cdn.shopify.com/s/files/1/0622/3429/6405/files/DSC06698.jpg?v=1767954901
 Elhan , junoon , BUR-ELHAN-L , L , -   ,
 EUCALYPTUS , buraq-eid-edits-25 , BUR-EUCAL-XS , XS , -   ,
 EUCALYPTUS , buraq-eid-edits-25 , BUR-EUCAL-M , M , -   ,
 EUCALYPTUS , buraq-eid-edits-25 , BUR-EUCAL-S , S , -   ,https://cdn.shopify.com/s/files/1/0622/3429/6405/files/DSC06698.jpg?v=1767954901
 EUCALYPTUS , buraq-eid-edits-25 , BUR-EUCAL-XL , XL , -   ,
 EUCALYPTUS , buraq-eid-edits-25 , BUR-EUCAL-L , L , -   ,
 Faaris , junoon , BUR-FAARI-S , S , -   ,https://cdn.shopify.com/s/files/1/0622/3429/6405/files/DSC06698.jpg?v=1767954901
 Faaris , junoon , BUR-FAARI-M , M , -   ,
 Faaris , junoon , BUR-FAARI-XL , XL , -   ,
 Faaris , junoon , BUR-FAARI-L , L , -   ,
 Fakhr , zaviyaar , BUR-FAKHR-L , L , -   ,
 Fakhr , zaviyaar , BUR-FAKHR-XXL , XXL , -   ,
 Fakhr , zaviyaar , BUR-FAKHR-S , S , -   ,https://cdn.shopify.com/s/files/1/0622/3429/6405/files/DSC06698.jpg?v=1767954901
 Fakhr , zaviyaar , BUR-FAKHR-XS , XS , -   ,
 Fakhr , zaviyaar , BUR-FAKHR-XL , XL , -   ,
 Fakhr , zaviyaar , BUR-FAKHR-M , M , -   ,
 Faris , shan-e-buraq , BUR-FARIS-M-0 , M , -   ,
 Faris , shan-e-buraq , BUR-FARIS-L-0 , L , -   ,
 Faris , shan-e-buraq , BUR-FARIS-XL-0 , XL , -   ,
 Faris , shan-e-buraq , BUR-FARIS-S-0 , S , -   ,https://cdn.shopify.com/s/files/1/0622/3429/6405/files/DSC06698.jpg?v=1767954901
 Feroz , farmanrawa , BUR-FEROZ-XL , XL , -   ,
 Feroz , farmanrawa , BUR-FEROZ-L , L , -   ,
 Feroz , farmanrawa , BUR-FEROZ-S , S , -   ,https://cdn.shopify.com/s/files/1/0622/3429/6405/files/DSC06698.jpg?v=1767954901
 Feroz , farmanrawa , BUR-FEROZ-M , M , -   ,
 Furqan , zaviyaar , BUR-FURQA-M , M , -   ,
 Furqan , zaviyaar , BUR-FURQA-L , L , -   ,
 Furqan , zaviyaar , BUR-FURQA-XL , XL , -   ,
 Furqan , zaviyaar , BUR-FURQA-S , S , -   ,https://cdn.shopify.com/s/files/1/0622/3429/6405/files/DSC06698.jpg?v=1767954901
 Ghaznavi , buraq-raahi , BUR-PBSWM-M-0 , M , -   ,
 Ghaznavi , buraq-raahi , BUR-PBSWM-XXL-0 , XXL , -   ,
 Ghaznavi , buraq-raahi , BUR-PBSWM-XL-0 , XL , -   ,
 Ghaznavi , buraq-raahi , BUR-PBSWM-S-0 , S , -   ,https://cdn.shopify.com/s/files/1/0622/3429/6405/files/DSC06698.jpg?v=1767954901
 Ghaznavi , buraq-raahi , BUR-PBSWM-L-0 , L , -   ,
 Green Stripper , buraq-west-west-drop-1 , BUR-GS-L , L , -   ,
 Green Stripper , buraq-west-west-drop-1 , BUR-GS-XXL , XXL , -   ,
 Green Stripper , buraq-west-west-drop-1 , BUR-GS-M , M , -   ,
 Green Stripper , buraq-west-west-drop-1 , BUR-GS-XL , XL , -   ,
 Grey , buraq-west-west-drop-1 , BUR-GREY-XL-1 , XL , -   ,
 Grey , buraq-west-west-drop-1 , BUR-GREY-M-1 , M , -   ,
 Grey , buraq-west-west-drop-1 , BUR-GREY-L-1 , L , -   ,
 Grey , buraq-west-west-drop-1 , BUR-GREY-XXL , XXL , -   ,
 Grey , riwayat-0 , BUR-GREY-M-0 , M , -   ,
 Grey , riwayat-0 , BUR-GREY-XS-0 , XS , -   ,
 Grey , riwayat-0 , BUR-GREY-S-0 , S , -   ,https://cdn.shopify.com/s/files/1/0622/3429/6405/files/DSC06698.jpg?v=1767954901
 Grey , riwayat-0 , BUR-GREY-XL-0 , XL , -   ,
 Grey , riwayat-0 , BUR-GREY-L-0 , L , -   ,
 Grey Ban , alif-1 , BUR-GB-L , L , -   ,
 Grey Ban , alif-1 , BUR-GB-S , S , -   ,https://cdn.shopify.com/s/files/1/0622/3429/6405/files/DSC06698.jpg?v=1767954901
 Grey Ban , alif-1 , BUR-GB-M , M , -   ,
 Grey Ban , alif-1 , BUR-GB-XL , XL , -   ,
 Grey Ban Plain - Kameez Shalwar - Men , buraq-shahkaar , BUR-GBP-K-L-0 , L , -   ,
 Grey Ban Plain - Kameez Shalwar - Men , buraq-shahkaar , BUR-GBP-K-M-0 , M , -   ,
 Grey Ban Plain - Kameez Shalwar - Men , buraq-shahkaar , BUR-GBP-K-S-0 , S , -   ,https://cdn.shopify.com/s/files/1/0622/3429/6405/files/DSC06698.jpg?v=1767954901
 Grey Ban Plain - Kameez Shalwar - Men , buraq-shahkaar , BUR-GBP-K-XL-0 , XL , -   ,
 Grey Collar Plain - Kameez Shalwar - Men , buraq-shahkaar , BUR-GCP-K-L-0 , L , -   ,
 Grey Collar Plain - Kameez Shalwar - Men , buraq-shahkaar , BUR-GCP-K-S-0 , S , -   ,https://cdn.shopify.com/s/files/1/0622/3429/6405/files/DSC06698.jpg?v=1767954901
 Grey Collar Plain - Kameez Shalwar - Men , buraq-shahkaar , BUR-GCP-K-M-0 , M , -   ,
 Grey Collar Plain - Kameez Shalwar - Men , buraq-shahkaar , BUR-GCP-K-XL-0 , XL , -   ,
 Grey Collared , alif-1 , BUR-B0-M-11 , M , -   ,
 Grey Collared , alif-1 , BUR-GC-XL , XL , -   ,
 Grey Collared , alif-1 , BUR-B0-S-11 , S , -   ,https://cdn.shopify.com/s/files/1/0622/3429/6405/files/DSC06698.jpg?v=1767954901
 Grey Collared , alif-1 , BUR-B0-L-11 , L , -   ,
 Grey Cotton Men's Kameez Shalwar With Design Mandarin , buraq-aks---e---shaam , BUR-GCMKS-S-0 , S , -   ,https://cdn.shopify.com/s/files/1/0622/3429/6405/files/DSC06698.jpg?v=1767954901
 Grey Cotton Men's Kameez Shalwar With Design Mandarin , buraq-aks---e---shaam , BUR-GCMKS-M-0 , M , -   ,
 Grey Cotton Men's Kameez Shalwar With Design Mandarin , buraq-aks---e---shaam , BUR-GCMKS-L-0 , L , -   ,
 Grey Cotton Men's Kameez Shalwar With Design Mandarin , buraq-aks---e---shaam , BUR-GCMKS-XL-0 , XL , -   ,
 Grey Stitched Kameez Shalwar for Men -Modern Eastern Formal Wear , buraq-aks---e---shaam , BUR-SBSKS-S-0 , S , -   ,https://cdn.shopify.com/s/files/1/0622/3429/6405/files/DSC06698.jpg?v=1767954901
 Grey Stitched Kameez Shalwar for Men -Modern Eastern Formal Wear , buraq-aks---e---shaam , BUR-SBSKS-M-0 , M , -   ,
 Grey Stitched Kameez Shalwar for Men -Modern Eastern Formal Wear , buraq-aks---e---shaam , BUR-SBSKS-L-0 , L , -   ,
 Grey Stitched Kameez Shalwar for Men -Modern Eastern Formal Wear , buraq-aks---e---shaam , BUR-SBSKS-XL-0 , XL , -   ,
 Grey Stripper , buraq-west-west-drop-1 , BUR-GS-M-0 , M , -   ,
 Grey Stripper , buraq-west-west-drop-1 , BUR-GS-XL-0 , XL , -   ,
 Grey Stripper , buraq-west-west-drop-1 , BUR-GS-L-0 , L , -   ,
 Grey Stripper , buraq-west-west-drop-1 , BUR-GS-XXL-0 , XXL , -   ,
 gulaab , buraq-ghumaan , BUR-GULAA-XL , XL , -   ,
 gulaab , buraq-ghumaan , BUR-GULAA-M , M , -   ,
 gulaab , buraq-ghumaan , BUR-GULAA-S , S , -   ,https://cdn.shopify.com/s/files/1/0622/3429/6405/files/DSC06698.jpg?v=1767954901
 gulaab , buraq-ghumaan , BUR-GULAA-L , L , -   ,
 GULBAHAR , buraq-abro , BUR-GULBA-L , L , -   ,
 GULBAHAR , buraq-abro , BUR-GULBA-XL , XL , -   ,
 GULBAHAR , buraq-abro , BUR-GULBA-S , S , -   ,https://cdn.shopify.com/s/files/1/0622/3429/6405/files/DSC06698.jpg?v=1767954901
 GULBAHAR , buraq-abro , BUR-GULBA-M , M , -   ,
 GULNAAR , buraq-abro , BUR-GULNA-L , L , -   ,
 GULNAAR , buraq-abro , BUR-GULNA-M , M , -   ,
 GULNAAR , buraq-abro , BUR-GULNA-XL , XL , -   ,
 GULNAAR , buraq-abro , BUR-GULNA-S , S , -   ,https://cdn.shopify.com/s/files/1/0622/3429/6405/files/DSC06698.jpg?v=1767954901
 Hakam , farmanrawa , BUR-HAKAM-L , L , -   ,
 Hakam , farmanrawa , BUR-HAKAM-XS , XS , -   ,
 Hakam , farmanrawa , BUR-HAKAM-XL , XL , -   ,
 Hakam , farmanrawa , BUR-HAKAM-M , M , -   ,
 Hakam , farmanrawa , BUR-HAKAM-S , S , -   ,https://cdn.shopify.com/s/files/1/0622/3429/6405/files/DSC06698.jpg?v=1767954901
 Hamza , farmanrawa , BUR-HAMZA-XS-0 , XS , -   ,
 Hamza , farmanrawa , BUR-HAMZA-XL , XL , -   ,
 Hamza , farmanrawa , BUR-HAMZA-M , M , -   ,
 Hamza , farmanrawa , BUR-HAMZA-S , S , -   ,https://cdn.shopify.com/s/files/1/0622/3429/6405/files/DSC06698.jpg?v=1767954901
 Hamza , farmanrawa , BUR-HAMZA-L , L , -   ,
 Harun , buraq-raahi , BUR-HARUN-XXL-0 , XXL , -   ,
 Harun , buraq-raahi , BUR-HARUN-XL-0 , XL , -   ,
 Harun , buraq-raahi , BUR-HARUN-S-0 , S , -   ,https://cdn.shopify.com/s/files/1/0622/3429/6405/files/DSC06698.jpg?v=1767954901
 Harun , buraq-raahi , BUR-HARUN-M-0 , M , -   ,
 Harun , buraq-raahi , BUR-HARUN-L-0 , L , -   ,
 Hashmat , zaviyaar , BUR-HASHM-XXL , XXL , -   ,
 Hashmat , zaviyaar , BUR-HASHM-M , M , -   ,
 Hashmat , zaviyaar , BUR-HASHM-XS , XS , -   ,
 Hashmat , zaviyaar , BUR-HASHM-XL , XL , -   ,
 Hashmat , zaviyaar , BUR-HASHM-S , S , -   ,https://cdn.shopify.com/s/files/1/0622/3429/6405/files/DSC06698.jpg?v=1767954901
 Hashmat , zaviyaar , BUR-HASHM-L , L , -   ,
 Hayat , zaviyaar , BUR-HAYAT-XXL , XXL , -   ,
 Hayat , zaviyaar , BUR-HAYAT-XS , XS , -   ,
 Hayat , zaviyaar , BUR-HAYAT-S , S , -   ,https://cdn.shopify.com/s/files/1/0622/3429/6405/files/DSC06698.jpg?v=1767954901
 Hayat , zaviyaar , BUR-HAYAT-XL , XL , -   ,
 Hayat , zaviyaar , BUR-HAYAT-M , M , -   ,
 Hayat , zaviyaar , BUR-HAYAT-L , L , -   ,
 hayrah , buraq-ghumaan , BUR-HAYRA-S , S , -   ,https://cdn.shopify.com/s/files/1/0622/3429/6405/files/DSC06698.jpg?v=1767954901
 hayrah , buraq-ghumaan , BUR-HAYRA-XL , XL , -   ,
 hayrah , buraq-ghumaan , BUR-HAYRA-M , M , -   ,
 hayrah , buraq-ghumaan , BUR-HAYRA-L , L , -   ,
 Hunar , zarif , BUR-HUNAR-XL , XL , -   ,
 Hunar , zarif , BUR-HUNAR-S , S , -   ,https://cdn.shopify.com/s/files/1/0622/3429/6405/files/DSC06698.jpg?v=1767954901
 Hunar , zarif , BUR-HUNAR-M , M , -   ,
 Hunar , zarif , BUR-HUNAR-L , L , -   ,
 HUSN , buraq-abro , BUR-HUSN-L , L , -   ,
 HUSN , buraq-abro , BUR-HUSN-M , M , -   ,
 HUSN , buraq-abro , BUR-HUSN-S , S , -   ,https://cdn.shopify.com/s/files/1/0622/3429/6405/files/DSC06698.jpg?v=1767954901
 HUSN , buraq-abro , BUR-HUSN-XL , XL , -   ,
 Ivory , riwayat-0 , BUR-IVORY-S , S , -   ,https://cdn.shopify.com/s/files/1/0622/3429/6405/files/DSC06698.jpg?v=1767954901
 Ivory , riwayat-0 , BUR-IVORY-XS , XS , -   ,
 Ivory , riwayat-0 , BUR-IVORY-M , M , -   ,
 Ivory , riwayat-0 , BUR-IVORY-XL , XL , -   ,
 Ivory , riwayat-0 , BUR-IVORY-L , L , -   ,
 Ivory Ban , alif-1 , BUR-B0-XS-4 , XS , -   ,
 Ivory Ban , alif-1 , BUR-B0-M-4 , M , -   ,
 Ivory Ban , alif-1 , BUR-B0-L-4 , L , -   ,
 Ivory Ban , alif-1 , BUR-B0-XL-4 , XL , -   ,
 Ivory Ban , alif-1 , BUR-B0-S-4 , S , -   ,https://cdn.shopify.com/s/files/1/0622/3429/6405/files/DSC06698.jpg?v=1767954901
 Jahanzaib , zarif , BUR-JAHAN-L , L , -   ,
 Jahanzaib , zarif , BUR-JAHAN-S , S , -   ,https://cdn.shopify.com/s/files/1/0622/3429/6405/files/DSC06698.jpg?v=1767954901
 Jahanzaib , zarif , BUR-JAHAN-XL , XL , -   ,
 Jahanzaib , zarif , BUR-JAHAN-M , M , -   ,
 Kahil , shan-e-eid , BUR-KAHIL-XL , XL , -   ,
 Kahil , shan-e-eid , BUR-KAHIL-S , S , -   ,https://cdn.shopify.com/s/files/1/0622/3429/6405/files/DSC06698.jpg?v=1767954901
 Kahil , shan-e-eid , BUR-KAHIL-M , M , -   ,
 Kahil , shan-e-eid , BUR-KAHIL-L , L , -   ,
 Karam , shan-e-buraq , BUR-KARAM-M , M , -   ,
 Karam , shan-e-buraq , BUR-KARAM-XL , XL , -   ,
 Karam , shan-e-buraq , BUR-KARAM-S , S , -   ,https://cdn.shopify.com/s/files/1/0622/3429/6405/files/DSC06698.jpg?v=1767954901
 Karam , shan-e-buraq , BUR-KARAM-L , L , -   ,
 Khaki , zaviyaar , BUR-KHAKI-XL , XL , -   ,
 Khaki , zaviyaar , BUR-KHAKI-XXL , XXL , -   ,
 Khaki , zaviyaar , BUR-KHAKI-L , L , -   ,
 Khaki , zaviyaar , BUR-KHAKI-XS , XS , -   ,
 Khaki , zaviyaar , BUR-KHAKI-S , S , -   ,https://cdn.shopify.com/s/files/1/0622/3429/6405/files/DSC06698.jpg?v=1767954901
 Khaki , zaviyaar , BUR-KHAKI-M , M , -   ,
 Khaqan , farmanrawa , BUR-KHAQA-L , L , -   ,
 Khaqan , farmanrawa , BUR-KHAQA-M , M , -   ,
 Khaqan , farmanrawa , BUR-KHAQA-XL , XL , -   ,
 Khaqan , farmanrawa , BUR-KHAQA-S , S , -   ,https://cdn.shopify.com/s/files/1/0622/3429/6405/files/DSC06698.jpg?v=1767954901
 khilji , buraq-raahi , BUR-POGSW-XXL-0 , XXL , -   ,
 khilji , buraq-raahi , BUR-POGSW-S-0 , S , -   ,https://cdn.shopify.com/s/files/1/0622/3429/6405/files/DSC06698.jpg?v=1767954901
 khilji , buraq-raahi , BUR-POGSW-XL-0 , XL , -   ,
 khilji , buraq-raahi , BUR-POGSW-M-0 , M , -   ,
 khilji , buraq-raahi , BUR-POGSW-L-0 , L , -   ,
 KIWI , buraq-eid-edits-25 , BUR-KIWI-M , M , -   ,
 KIWI , buraq-eid-edits-25 , BUR-KIWI-XL , XL , -   ,
 KIWI , buraq-eid-edits-25 , BUR-KIWI-S , S , -   ,https://cdn.shopify.com/s/files/1/0622/3429/6405/files/DSC06698.jpg?v=1767954901
 KIWI , buraq-eid-edits-25 , BUR-KIWI-L , L , -   ,
 KIWI , buraq-eid-edits-25 , BUR-KIWI-XS-0 , XS , -   ,
 Light Blue Men’s Designer Shalwar Kameez with Minimalist Stitched Ban , buraq-aks---e---shaam , BUR-LBMDS-S-0 , S , -   ,https://cdn.shopify.com/s/files/1/0622/3429/6405/files/DSC06698.jpg?v=1767954901
 Light Blue Men’s Designer Shalwar Kameez with Minimalist Stitched Ban , buraq-aks---e---shaam , BUR-LBMDS-M-0 , M , -   ,
 Light Blue Men’s Designer Shalwar Kameez with Minimalist Stitched Ban , buraq-aks---e---shaam , BUR-LBMDS-L-0 , L , -   ,
 Light Blue Men’s Designer Shalwar Kameez with Minimalist Stitched Ban , buraq-aks---e---shaam , BUR-LBMDS-XL-0 , XL , -   ,
 Light Brown Collared , alif-1 , BUR-B0-L-12 , L , -   ,
 Light Brown Collared , alif-1 , BUR-LBC-S , S , -   ,https://cdn.shopify.com/s/files/1/0622/3429/6405/files/DSC06698.jpg?v=1767954901
 Light Brown Collared , alif-1 , BUR-LBC-XL , XL , -   ,
 Light Brown Collared , alif-1 , BUR-B0-M-12 , M , -   ,
 LIME , buraq-eid-edits-25 , BUR-LIME-L , L , -   ,
 LIME , buraq-eid-edits-25 , BUR-LIME-M , M , -   ,
 LIME , buraq-eid-edits-25 , BUR-LIME-S , S , -   ,https://cdn.shopify.com/s/files/1/0622/3429/6405/files/DSC06698.jpg?v=1767954901
 LIME , buraq-eid-edits-25 , BUR-LIME-XL , XL , -   ,
 Luqman , shan-e-eid , BUR-LUQMA-S , S , -   ,https://cdn.shopify.com/s/files/1/0622/3429/6405/files/DSC06698.jpg?v=1767954901
 Luqman , shan-e-eid , BUR-LUQMA-XL , XL , -   ,
 Luqman , shan-e-eid , BUR-LUQMA-L , L , -   ,
 Luqman , shan-e-eid , BUR-LUQMA-M , M , -   ,
 Lut , shan-e-eid , BUR-LUT-M , M , -   ,
 Lut , shan-e-eid , BUR-LUT-XL , XL , -   ,
 Lut , shan-e-eid , BUR-LUT-L , L , -   ,
 Lut , shan-e-eid , BUR-LUT-XS , XS , -   ,
 Lut , shan-e-eid , BUR-LUT-S , S , -   ,https://cdn.shopify.com/s/files/1/0622/3429/6405/files/DSC06698.jpg?v=1767954901
 Maaz , shan-e-buraq , BUR-MAAZ-L , L , -   ,
 Maaz , shan-e-buraq , BUR-MAAZ-XL , XL , -   ,
 Maaz , shan-e-buraq , BUR-MAAZ-M , M , -   ,
 Maaz , shan-e-buraq , BUR-MAAZ-S , S , -   ,https://cdn.shopify.com/s/files/1/0622/3429/6405/files/DSC06698.jpg?v=1767954901
 Mamluk , buraq-raahi , BUR-PTGSW-S-0 , S , -   ,https://cdn.shopify.com/s/files/1/0622/3429/6405/files/DSC06698.jpg?v=1767954901
 Mamluk , buraq-raahi , BUR-PTGSW-XXL-0 , XXL , -   ,
 Mamluk , buraq-raahi , BUR-PTGSW-XL-0 , XL , -   ,
 Mamluk , buraq-raahi , BUR-PTGSW-M-0 , M , -   ,
 Mamluk , buraq-raahi , BUR-PTGSW-L-0 , L , -   ,
 Mansur , buraq-raahi , BUR-MANSU-XXL-0 , XXL , -   ,
 Mansur , buraq-raahi , BUR-MANSU-S-0 , S , -   ,https://cdn.shopify.com/s/files/1/0622/3429/6405/files/DSC06698.jpg?v=1767954901
 Mansur , buraq-raahi , BUR-MANSU-M-0 , M , -   ,
 Mansur , buraq-raahi , BUR-MANSU-L-0 , L , -   ,
 Mansur , buraq-raahi , BUR-MANSU-XL-0 , XL , -   ,
 Marjaan , zaviyaar , BUR-MARJA-L , L , -   ,
 Marjaan , zaviyaar , BUR-MARJA-M , M , -   ,
 Marjaan , zaviyaar , BUR-MARJA-XXL , XXL , -   ,
 Marjaan , zaviyaar , BUR-MARJA-XS , XS , -   ,
 Marjaan , zaviyaar , BUR-MARJA-XL , XL , -   ,
 Marjaan , zaviyaar , BUR-MARJA-S , S , -   ,https://cdn.shopify.com/s/files/1/0622/3429/6405/files/DSC06698.jpg?v=1767954901
 Maroon Ban , alif-1 , BUR-MB-XL , XL , -   ,
 Maroon Ban , alif-1 , BUR-MB-M , M , -   ,
 Maroon Ban , alif-1 , BUR-MB-S , S , -   ,https://cdn.shopify.com/s/files/1/0622/3429/6405/files/DSC06698.jpg?v=1767954901
 Maroon Ban , alif-1 , BUR-MB-XS , XS , -   ,
 Maroon Ban , alif-1 , BUR-MB-L , L , -   ,
 Maroon Ban Plain - Kameez Shalwar - Men , buraq-shahkaar , BUR-MBP-K-XL-0 , XL , -   ,
 Maroon Ban Plain - Kameez Shalwar - Men , buraq-shahkaar , BUR-MBP-K-L-0 , L , -   ,
 Maroon Ban Plain - Kameez Shalwar - Men , buraq-shahkaar , BUR-MBP-K-S-0 , S , -   ,https://cdn.shopify.com/s/files/1/0622/3429/6405/files/DSC06698.jpg?v=1767954901
 Maroon Ban Plain - Kameez Shalwar - Men , buraq-shahkaar , BUR-MBP-K-M-0 , M , -   ,
 Maroon Collar Plain - Kameez Shalwar - Men , buraq-shahkaar , BUR-MCP-K-S-0 , S , -   ,https://cdn.shopify.com/s/files/1/0622/3429/6405/files/DSC06698.jpg?v=1767954901
 Maroon Collar Plain - Kameez Shalwar - Men , buraq-shahkaar , BUR-MCP-K-L-0 , L , -   ,
 Maroon Collar Plain - Kameez Shalwar - Men , buraq-shahkaar , BUR-MCP-K-M-0 , M , -   ,
 Maroon Collar Plain - Kameez Shalwar - Men , buraq-shahkaar , BUR-MCP-K-XL-0 , XL , -   ,
 Maroon Collared , alif-1 , BUR-B0-M-13 , M , -   ,
 Maroon Collared , alif-1 , BUR-B0-L-13 , L , -   ,
 Maroon Collared , alif-1 , BUR-MC-XL , XL , -   ,
 Maroon Collared , alif-1 , BUR-B0-S-13 , S , -   ,https://cdn.shopify.com/s/files/1/0622/3429/6405/files/DSC06698.jpg?v=1767954901
 Marwan , shan-e-eid , BUR-MARWA-XS-0 , XS , -   ,
 Marwan , shan-e-eid , BUR-MARWA-S , S , -   ,https://cdn.shopify.com/s/files/1/0622/3429/6405/files/DSC06698.jpg?v=1767954901
 Marwan , shan-e-eid , BUR-MARWA-M , M , -   ,
 Marwan , shan-e-eid , BUR-MARWA-L , L , -   ,
 Marwan , shan-e-eid , BUR-MARWA-XL , XL , -   ,
 mauj , buraq-ghumaan , BUR-MAUJ-M , M , -   ,
 mauj , buraq-ghumaan , BUR-MAUJ-L , L , -   ,
 mauj , buraq-ghumaan , BUR-MAUJ-S , S , -   ,https://cdn.shopify.com/s/files/1/0622/3429/6405/files/DSC06698.jpg?v=1767954901
 mauj , buraq-ghumaan , BUR-MAUJ-XL , XL , -   ,
 Meherban , zarif , BUR-MEHER-M , M , -   ,
 Meherban , zarif , BUR-MEHER-XL , XL , -   ,
 Meherban , zarif , BUR-MEHER-L , L , -   ,
 Meherban , zarif , BUR-MEHER-S , S , -   ,https://cdn.shopify.com/s/files/1/0622/3429/6405/files/DSC06698.jpg?v=1767954901
 Mehrab , shaandar , BUR-MEHRA-M , M , -   ,
 Mehrab , shaandar , BUR-MEHRA-XL , XL , -   ,
 Mehrab , shaandar , BUR-MEHRA-L , L , -   ,
 Mehrab , shaandar , BUR-MEHRA-S , S , -   ,https://cdn.shopify.com/s/files/1/0622/3429/6405/files/DSC06698.jpg?v=1767954901
 Men's Beige Kurta Trouser with Intricate Embroidery - EGYPTION COTTON  , buraq-noor-e-eid , BUR-MBKTW-XL-2 , XL , -   ,
 Men's Beige Kurta Trouser with Intricate Embroidery - EGYPTION COTTON  , buraq-noor-e-eid , BUR-MBKTW-M-2 , M , -   ,
 Men's Beige Kurta Trouser with Intricate Embroidery - EGYPTION COTTON  , buraq-noor-e-eid , BUR-MBKTW-S-2 , S , -   ,https://cdn.shopify.com/s/files/1/0622/3429/6405/files/DSC06698.jpg?v=1767954901
 Men's Beige Kurta Trouser with Intricate Embroidery - EGYPTION COTTON  , buraq-noor-e-eid , BUR-MBKTW-L-2 , L , -   ,
 Men's Beige Shalwar Kameez - Cotton , buraq-aks---e---shaam , BUR-MBSK--XL-0 , XL , -   ,
 Men's Beige Shalwar Kameez - Cotton , buraq-aks---e---shaam , BUR-MBSK--S-0 , S , -   ,https://cdn.shopify.com/s/files/1/0622/3429/6405/files/DSC06698.jpg?v=1767954901
 Men's Beige Shalwar Kameez - Cotton , buraq-aks---e---shaam , BUR-MBSK--M-0 , M , -   ,
 Men's Beige Shalwar Kameez - Cotton , buraq-aks---e---shaam , BUR-MBSK--L-0 , L , -   ,
 Men's Black  Kurta Trouser with Intricate Embroidery - EGYPTION COTTON. , buraq-noor-e-eid , BUR-MBKTW-S-0 , S , -   ,https://cdn.shopify.com/s/files/1/0622/3429/6405/files/DSC06698.jpg?v=1767954901
 Men's Black  Kurta Trouser with Intricate Embroidery - EGYPTION COTTON. , buraq-noor-e-eid , BUR-MBKTW-L-0 , L , -   ,
 Men's Black  Kurta Trouser with Intricate Embroidery - EGYPTION COTTON. , buraq-noor-e-eid , BUR-MBKTW-XL-0 , XL , -   ,
 Men's Black  Kurta Trouser with Intricate Embroidery - EGYPTION COTTON. , buraq-noor-e-eid , BUR-MBKTW-M-0 , M , -   ,
 Men's Brown Kurta Trouser with Intricate Embroidery - EGYPTION COTTON  , buraq-noor-e-eid , BUR-MBKTW-XL-1 , XL , -   ,
 Men's Brown Kurta Trouser with Intricate Embroidery - EGYPTION COTTON  , buraq-noor-e-eid , BUR-MBKTW-S-1 , S , -   ,https://cdn.shopify.com/s/files/1/0622/3429/6405/files/DSC06698.jpg?v=1767954901
 Men's Brown Kurta Trouser with Intricate Embroidery - EGYPTION COTTON  , buraq-noor-e-eid , BUR-MBKTW-M-1 , M , -   ,
 Men's Brown Kurta Trouser with Intricate Embroidery - EGYPTION COTTON  , buraq-noor-e-eid , BUR-MBKTW-L-1 , L , -   ,
 Men's B-White Kurta Trouser with Intricate Embroidery - EGYPTION COTTON  , buraq-noor-e-eid , BUR-MBKTW-L-3 , L , -   ,
 Men's B-White Kurta Trouser with Intricate Embroidery - EGYPTION COTTON  , buraq-noor-e-eid , BUR-MBKTW-S-3 , S , -   ,https://cdn.shopify.com/s/files/1/0622/3429/6405/files/DSC06698.jpg?v=1767954901
 Men's B-White Kurta Trouser with Intricate Embroidery - EGYPTION COTTON  , buraq-noor-e-eid , BUR-MBKTW-M-3 , M , -   ,
 Men's B-White Kurta Trouser with Intricate Embroidery - EGYPTION COTTON  , buraq-noor-e-eid , BUR-MBKTW-XL-3 , XL , -   ,
 Men's Dark Navy Blue Kurta Trouser with Intricate Embroidery - EGYPTION COTTON  , buraq-noor-e-eid , BUR-MDNBK-S-0 , S , -   ,https://cdn.shopify.com/s/files/1/0622/3429/6405/files/DSC06698.jpg?v=1767954901
 Men's Dark Navy Blue Kurta Trouser with Intricate Embroidery - EGYPTION COTTON  , buraq-noor-e-eid , BUR-MDNBK-M-0 , M , -   ,
 Men's Dark Navy Blue Kurta Trouser with Intricate Embroidery - EGYPTION COTTON  , buraq-noor-e-eid , BUR-MDNBK-L-0 , L , -   ,
 Men's Dark Navy Blue Kurta Trouser with Intricate Embroidery - EGYPTION COTTON  , buraq-noor-e-eid , BUR-MDNBK-XL-0 , XL , -   ,
 Men's Green Kurta Trouser with Intricate Embroidery - EGYPTION COTTON  , buraq-noor-e-eid , BUR-MGKTW-L-0 , L , -   ,
 Men's Green Kurta Trouser with Intricate Embroidery - EGYPTION COTTON  , buraq-noor-e-eid , BUR-MGKTW-S-0 , S , -   ,https://cdn.shopify.com/s/files/1/0622/3429/6405/files/DSC06698.jpg?v=1767954901
 Men's Green Kurta Trouser with Intricate Embroidery - EGYPTION COTTON  , buraq-noor-e-eid , BUR-MGKTW-M-0 , M , -   ,
 Men's Green Kurta Trouser with Intricate Embroidery - EGYPTION COTTON  , buraq-noor-e-eid , BUR-MGKTW-XL-0 , XL , -   ,
 Men's Grey Kurta Trouser with Intricate Embroidery - EGYPTION COTTON  , buraq-noor-e-eid , BUR-MGKTW-L-1 , L , -   ,
 Men's Grey Kurta Trouser with Intricate Embroidery - EGYPTION COTTON  , buraq-noor-e-eid , BUR-MGKTW-S-1 , S , -   ,https://cdn.shopify.com/s/files/1/0622/3429/6405/files/DSC06698.jpg?v=1767954901
 Men's Grey Kurta Trouser with Intricate Embroidery - EGYPTION COTTON  , buraq-noor-e-eid , BUR-MGKTW-M-1 , M , -   ,
 Men's Grey Kurta Trouser with Intricate Embroidery - EGYPTION COTTON  , buraq-noor-e-eid , BUR-MGKTW-XL-1 , XL , -   ,
 Men's Jet Black  Kurta Trouser with Intricate Embroidery - EGYPTION COTTON  , buraq-noor-e-eid , BUR-MJBKT-L-0 , L , -   ,
 Men's Jet Black  Kurta Trouser with Intricate Embroidery - EGYPTION COTTON  , buraq-noor-e-eid , BUR-MJBKT-XL-0 , XL , -   ,
 Men's Jet Black  Kurta Trouser with Intricate Embroidery - EGYPTION COTTON  , buraq-noor-e-eid , BUR-MJBKT-S-0 , S , -   ,https://cdn.shopify.com/s/files/1/0622/3429/6405/files/DSC06698.jpg?v=1767954901
 Men's Jet Black  Kurta Trouser with Intricate Embroidery - EGYPTION COTTON  , buraq-noor-e-eid , BUR-MJBKT-M-0 , M , -   ,
 Men's Navy Blue Kurta Trouser with Intricate Embroidery - EGYPTION COTTON  , buraq-noor-e-eid , BUR-MNBKT-L-0 , L , -   ,
 Men's Navy Blue Kurta Trouser with Intricate Embroidery - EGYPTION COTTON  , buraq-noor-e-eid , BUR-MNBKT-XL-0 , XL , -   ,
 Men's Navy Blue Kurta Trouser with Intricate Embroidery - EGYPTION COTTON  , buraq-noor-e-eid , BUR-MNBKT-S-0 , S , -   ,https://cdn.shopify.com/s/files/1/0622/3429/6405/files/DSC06698.jpg?v=1767954901
 Men's Navy Blue Kurta Trouser with Intricate Embroidery - EGYPTION COTTON  , buraq-noor-e-eid , BUR-MNBKT-M-0 , M , -   ,
 Men's Off-White Kurta Trouser with Intricate Embroidery - EGYPTION COTTON  , buraq-noor-e-eid , BUR-MOKTW-XL-0 , XL , -   ,
 Men's Off-White Kurta Trouser with Intricate Embroidery - EGYPTION COTTON  , buraq-noor-e-eid , BUR-MOKTW-L-0 , L , -   ,
 Men's Off-White Kurta Trouser with Intricate Embroidery - EGYPTION COTTON  , buraq-noor-e-eid , BUR-MOKTW-S-0 , S , -   ,https://cdn.shopify.com/s/files/1/0622/3429/6405/files/DSC06698.jpg?v=1767954901
 Men's Off-White Kurta Trouser with Intricate Embroidery - EGYPTION COTTON  , buraq-noor-e-eid , BUR-MOKTW-M-0 , M , -   ,
 Men's Premium Ban-Embroidered Kameez Shalwar - 0ff White / Classic Fit. , buraq-rumi , BUR-DARA-M-0 , M , -   ,
 Men's Premium Ban-Embroidered Kameez Shalwar - 0ff White / Classic Fit. , buraq-rumi , BUR-DARA-L-0 , L , -   ,
 Men's Premium Ban-Embroidered Kameez Shalwar - 0ff White / Classic Fit. , buraq-rumi , BUR-DARA-S-0 , S , -   ,https://cdn.shopify.com/s/files/1/0622/3429/6405/files/DSC06698.jpg?v=1767954901
 Men's Premium Ban-Embroidered Kameez Shalwar - 0ff White / Classic Fit. , buraq-rumi , BUR-DARA-XL-0 , XL , -   ,
 Men's Premium Ban-Embroidered Kameez Shalwar - Booski White / Classic Fit. , buraq-rumi , BUR-JA-M-0 , M , -   ,
 Men's Premium Ban-Embroidered Kameez Shalwar - Booski White / Classic Fit. , buraq-rumi , BUR-JA-XL-0 , XL , -   ,
 Men's Premium Ban-Embroidered Kameez Shalwar - Booski White / Classic Fit. , buraq-rumi , BUR-JA-S-0 , S , -   ,https://cdn.shopify.com/s/files/1/0622/3429/6405/files/DSC06698.jpg?v=1767954901
 Men's Premium Ban-Embroidered Kameez Shalwar - Booski White / Classic Fit. , buraq-rumi , BUR-JA-L-0 , L , -   ,
 Men's Premium Ban-Embroidered Kameez Shalwar - Jet Black / Classic Fit. , buraq-rumi , BUR-SJ-XL-0 , XL , -   ,
 Men's Premium Ban-Embroidered Kameez Shalwar - Jet Black / Classic Fit. , buraq-rumi , BUR-SJ-M-0 , M , -   ,
 Men's Premium Ban-Embroidered Kameez Shalwar - Jet Black / Classic Fit. , buraq-rumi , BUR-SJ-L-0 , L , -   ,
 Men's Premium Ban-Embroidered Kameez Shalwar - Jet Black / Classic Fit. , buraq-rumi , BUR-SJ-S-0 , S , -   ,https://cdn.shopify.com/s/files/1/0622/3429/6405/files/DSC06698.jpg?v=1767954901
 Men's Premium Ban-Embroidered Kameez Shalwar - Light Brown / Classic Fit. , buraq-rumi , BUR-AL-GH-XL-0 , XL , -   ,
 Men's Premium Ban-Embroidered Kameez Shalwar - Light Brown / Classic Fit. , buraq-rumi , BUR-AL-GH-M-0 , M , -   ,
 Men's Premium Ban-Embroidered Kameez Shalwar - Light Brown / Classic Fit. , buraq-rumi , BUR-AL-GH-S-0 , S , -   ,https://cdn.shopify.com/s/files/1/0622/3429/6405/files/DSC06698.jpg?v=1767954901
 Men's Premium Ban-Embroidered Kameez Shalwar - Light Brown / Classic Fit. , buraq-rumi , BUR-AL-GH-L-0 , L , -   ,
 Men's Premium Ban-Embroidered Kameez Shalwar - Navy Blue / Classic Fit. , buraq-rumi , BUR-CYRUS-M-0 , M , -   ,
 Men's Premium Ban-Embroidered Kameez Shalwar - Navy Blue / Classic Fit. , buraq-rumi , BUR-CYRUS-S-0 , S , -   ,https://cdn.shopify.com/s/files/1/0622/3429/6405/files/DSC06698.jpg?v=1767954901
 Men's Premium Ban-Embroidered Kameez Shalwar - Navy Blue / Classic Fit. , buraq-rumi , BUR-CYRUS-XL-0 , XL , -   ,
 Men's Premium Ban-Embroidered Kameez Shalwar - Navy Blue / Classic Fit. , buraq-rumi , BUR-CYRUS-L-0 , L , -   ,
 Men's Premium Ban-Embroidered Kameez Shalwar - Pale Dusty Green / Classic Fit. , buraq-rumi , BUR-IS-M-0 , M , -   ,
 Men's Premium Ban-Embroidered Kameez Shalwar - Pale Dusty Green / Classic Fit. , buraq-rumi , BUR-IS-L-0 , L , -   ,
 Men's Premium Ban-Embroidered Kameez Shalwar - Pale Dusty Green / Classic Fit. , buraq-rumi , BUR-IS-XL-0 , XL , -   ,
 Men's Premium Ban-Embroidered Kameez Shalwar - Pale Dusty Green / Classic Fit. , buraq-rumi , BUR-IS-S-0 , S , -   ,https://cdn.shopify.com/s/files/1/0622/3429/6405/files/DSC06698.jpg?v=1767954901
 Men's Premium Ban-Embroidered Kameez Shalwar - Pinkish Brown / Classic Fit. , buraq-rumi , BUR-ALLAM-S-0 , S , -   ,https://cdn.shopify.com/s/files/1/0622/3429/6405/files/DSC06698.jpg?v=1767954901
 Men's Premium Ban-Embroidered Kameez Shalwar - Pinkish Brown / Classic Fit. , buraq-rumi , BUR-ALLAM-L-0 , L , -   ,
 Men's Premium Ban-Embroidered Kameez Shalwar - Pinkish Brown / Classic Fit. , buraq-rumi , BUR-ALLAM-M-0 , M , -   ,
 Men's Premium Ban-Embroidered Kameez Shalwar - Pinkish Brown / Classic Fit. , buraq-rumi , BUR-ALLAM-XL-0 , XL , -   ,
 Men's Premium Ban-Embroidered Kameez Shalwar - Sky Blue / Classic Fit. , buraq-rumi , BUR-AKBAR-M-0 , M , -   ,
 Men's Premium Ban-Embroidered Kameez Shalwar - Sky Blue / Classic Fit. , buraq-rumi , BUR-AKBAR-L-0 , L , -   ,
 Men's Premium Ban-Embroidered Kameez Shalwar - Sky Blue / Classic Fit. , buraq-rumi , BUR-AKBAR-S-0 , S , -   ,https://cdn.shopify.com/s/files/1/0622/3429/6405/files/DSC06698.jpg?v=1767954901
 Men's Premium Ban-Embroidered Kameez Shalwar - Sky Blue / Classic Fit. , buraq-rumi , BUR-AKBAR-XL-0 , XL , -   ,
 Men's Rust Stitched Shalwar Kameez for Summer , buraq-aks---e---shaam , BUR-MRSSK-S-0 , S , -   ,https://cdn.shopify.com/s/files/1/0622/3429/6405/files/DSC06698.jpg?v=1767954901
 Men's Rust Stitched Shalwar Kameez for Summer , buraq-aks---e---shaam , BUR-MRSSK-M-0 , M , -   ,
 Men's Rust Stitched Shalwar Kameez for Summer , buraq-aks---e---shaam , BUR-MRSSK-L-0 , L , -   ,
 Men's Rust Stitched Shalwar Kameez for Summer , buraq-aks---e---shaam , BUR-MRSSK-XL-0 , XL , -   ,
 Men's Smoke Grey Shalwar Kameez – Elegant Eastern Wear , buraq-aks---e---shaam , BUR-MSGSK-S-0 , S , -   ,https://cdn.shopify.com/s/files/1/0622/3429/6405/files/DSC06698.jpg?v=1767954901
 Men's Smoke Grey Shalwar Kameez – Elegant Eastern Wear , buraq-aks---e---shaam , BUR-MSGSK-M-0 , M , -   ,
 Men's Smoke Grey Shalwar Kameez – Elegant Eastern Wear , buraq-aks---e---shaam , BUR-MSGSK-L-0 , L , -   ,
 Men's Smoke Grey Shalwar Kameez – Elegant Eastern Wear , buraq-aks---e---shaam , BUR-MSGSK-XL-0 , XL , -   ,
 Men's Uni-White Kurta Trouser with Intricate Embroidery - EGYPTION COTTON  , buraq-noor-e-eid , BUR-MUKTW-XL-0 , XL , -   ,
 Men's Uni-White Kurta Trouser with Intricate Embroidery - EGYPTION COTTON  , buraq-noor-e-eid , BUR-MUKTW-S-0 , S , -   ,https://cdn.shopify.com/s/files/1/0622/3429/6405/files/DSC06698.jpg?v=1767954901
 Men's Uni-White Kurta Trouser with Intricate Embroidery - EGYPTION COTTON  , buraq-noor-e-eid , BUR-MUKTW-M-0 , M , -   ,
 Men's Uni-White Kurta Trouser with Intricate Embroidery - EGYPTION COTTON  , buraq-noor-e-eid , BUR-MUKTW-L-0 , L , -   ,
 Men's Waistcoat with Intricate Embroidery , buraq-noor-e-eid , BUR-MWWIE-L-0 , L , -   ,
 Men's Waistcoat with Intricate Embroidery , buraq-noor-e-eid , BUR-MWWIE-M-0 , M , -   ,
 Men's Waistcoat with Intricate Embroidery , buraq-noor-e-eid , BUR-MWWIE-S-0 , S , -   ,https://cdn.shopify.com/s/files/1/0622/3429/6405/files/DSC06698.jpg?v=1767954901
 Men's Waistcoat with Intricate Embroidery , buraq-noor-e-eid , BUR-MWWIE-XL-0 , XL , -   ,
 Men's White Kurta Trouser with Intricate Embroidery - EGYPTION COTTON  , buraq-noor-e-eid , BUR-MWKTW-S-0 , S , -   ,https://cdn.shopify.com/s/files/1/0622/3429/6405/files/DSC06698.jpg?v=1767954901
 Men's White Kurta Trouser with Intricate Embroidery - EGYPTION COTTON  , buraq-noor-e-eid , BUR-MWKTW-M-0 , M , -   ,
 Men's White Kurta Trouser with Intricate Embroidery - EGYPTION COTTON  , buraq-noor-e-eid , BUR-MWKTW-L-0 , L , -   ,
 Men's White Kurta Trouser with Intricate Embroidery - EGYPTION COTTON  , buraq-noor-e-eid , BUR-MWKTW-XL-0 , XL , -   ,
 Miftaah , shan-e-eid , BUR-MIFTA-XL , XL , -   ,
 Miftaah , shan-e-eid , BUR-MIFTA-L , L , -   ,
 Miftaah , shan-e-eid , BUR-MIFTA-S , S , -   ,https://cdn.shopify.com/s/files/1/0622/3429/6405/files/DSC06698.jpg?v=1767954901
 Miftaah , shan-e-eid , BUR-MIFTA-XS , XS , -   ,
 Miftaah , shan-e-eid , BUR-MIFTA-M , M , -   ,
 MINERAL , buraq-eid-edits-25 , BUR-MINER-S , S , -   ,https://cdn.shopify.com/s/files/1/0622/3429/6405/files/DSC06698.jpg?v=1767954901
 MINERAL , buraq-eid-edits-25 , BUR-MINER-XL , XL , -   ,
 MINERAL , buraq-eid-edits-25 , BUR-MINER-XS , XS , -   ,
 MINERAL , buraq-eid-edits-25 , BUR-MINER-M , M , -   ,
 MINERAL , buraq-eid-edits-25 , BUR-MINER-L , L , -   ,
 Minhaaj , shan-e-eid , BUR-MINHA-M , M , -   ,
 Minhaaj , shan-e-eid , BUR-MINHA-L , L , -   ,
 Minhaaj , shan-e-eid , BUR-MINHA-XL , XL , -   ,
 Minhaaj , shan-e-eid , BUR-MINHA-S , S , -   ,https://cdn.shopify.com/s/files/1/0622/3429/6405/files/DSC06698.jpg?v=1767954901
 Mizan , shaandar , BUR-MIZAN-XL , XL , -   ,
 Mizan , shaandar , BUR-MIZAN-L , L , -   ,
 Mizan , shaandar , BUR-MIZAN-S , S , -   ,https://cdn.shopify.com/s/files/1/0622/3429/6405/files/DSC06698.jpg?v=1767954901
 Mizan , shaandar , BUR-MIZAN-M , M , -   ,
 Modern Men's Ash Grey Shalwar Kameez – Elegant Eastern Wear , buraq-aks---e---shaam , BUR-MMAGS-S-0 , S , -   ,https://cdn.shopify.com/s/files/1/0622/3429/6405/files/DSC06698.jpg?v=1767954901
 Modern Men's Ash Grey Shalwar Kameez – Elegant Eastern Wear , buraq-aks---e---shaam , BUR-MMAGS-M-0 , M , -   ,
 Modern Men's Ash Grey Shalwar Kameez – Elegant Eastern Wear , buraq-aks---e---shaam , BUR-MMAGS-L-0 , L , -   ,
 Modern Men's Ash Grey Shalwar Kameez – Elegant Eastern Wear , buraq-aks---e---shaam , BUR-MMAGS-XL-0 , XL , -   ,
 Modern Pine Green Stitched Suit for Men | Elegant Eastern Formal Wear , buraq-aks---e---shaam , BUR-MPGSS-XL-0 , XL , -   ,
 Modern Pine Green Stitched Suit for Men | Elegant Eastern Formal Wear , buraq-aks---e---shaam , BUR-MPGSS-S-0 , S , -   ,https://cdn.shopify.com/s/files/1/0622/3429/6405/files/DSC06698.jpg?v=1767954901
 Modern Pine Green Stitched Suit for Men | Elegant Eastern Formal Wear , buraq-aks---e---shaam , BUR-MPGSS-M-0 , M , -   ,
 Modern Pine Green Stitched Suit for Men | Elegant Eastern Formal Wear , buraq-aks---e---shaam , BUR-MPGSS-L-0 , L , -   ,
 Mulberry , buraq-west-west-drop-1 , BUR-RED-XL , XL , -   ,
 Mulberry , buraq-west-west-drop-1 , BUR-RED-L , L , -   ,
 Mulberry , buraq-west-west-drop-1 , BUR-RED-M , M , -   ,
 Mulberry , buraq-west-west-drop-1 , BUR-RED-XXL , XXL , -   ,
 Mumin , shan-e-eid , BUR-MUMIN-XL , XL , -   ,
 Mumin , shan-e-eid , BUR-MUMIN-S , S , -   ,https://cdn.shopify.com/s/files/1/0622/3429/6405/files/DSC06698.jpg?v=1767954901
 Mumin , shan-e-eid , BUR-MUMIN-L , L , -   ,
 Mumin , shan-e-eid , BUR-MUMIN-M , M , -   ,
 Muneeb , shan-e-eid , BUR-MUNEE-XS , XS , -   ,
 Muneeb , shan-e-eid , BUR-MUNEE-M , M , -   ,
 Muneeb , shan-e-eid , BUR-MUNEE-XL , XL , -   ,
 Muneeb , shan-e-eid , BUR-MUNEE-S , S , -   ,https://cdn.shopify.com/s/files/1/0622/3429/6405/files/DSC06698.jpg?v=1767954901
 Muneeb , shan-e-eid , BUR-MUNEE-L , L , -   ,
 MUSHROOM , buraq-eid-edits-25 , BUR-MUSHR-M , M , -   ,
 MUSHROOM , buraq-eid-edits-25 , BUR-MUSHR-L , L , -   ,
 MUSHROOM , buraq-eid-edits-25 , BUR-MUSHR-S , S , -   ,https://cdn.shopify.com/s/files/1/0622/3429/6405/files/DSC06698.jpg?v=1767954901
 MUSHROOM , buraq-eid-edits-25 , BUR-MUSHR-XL , XL , -   ,
 Muslih , shan-e-eid , BUR-MUSLI-XL , XL , -   ,
 Muslih , shan-e-eid , BUR-MUSLI-M , M , -   ,
 Muslih , shan-e-eid , BUR-MUSLI-XS , XS , -   ,
 Muslih , shan-e-eid , BUR-MUSLI-S , S , -   ,https://cdn.shopify.com/s/files/1/0622/3429/6405/files/DSC06698.jpg?v=1767954901
 Muslih , shan-e-eid , BUR-MUSLI-L , L , -   ,
 Mustard , shaandar , BUR-MUSTA-XL , XL , -   ,
 Mustard , shaandar , BUR-MUSTA-M , M , -   ,
 Mustard , shaandar , BUR-MUSTA-L , L , -   ,
 Mustard , shaandar , BUR-MUSTA-S , S , -   ,https://cdn.shopify.com/s/files/1/0622/3429/6405/files/DSC06698.jpg?v=1767954901
 Nael , shan-e-buraq , BUR-NAEL-XL , XL , -   ,
 Nael , shan-e-buraq , BUR-NAEL-L , L , -   ,
 Nael , shan-e-buraq , BUR-NAEL-S , S , -   ,https://cdn.shopify.com/s/files/1/0622/3429/6405/files/DSC06698.jpg?v=1767954901
 Nael , shan-e-buraq , BUR-NAEL-M , M , -   ,
 Najeeb , farmanrawa , BUR-NAJEE-S , S , -   ,https://cdn.shopify.com/s/files/1/0622/3429/6405/files/DSC06698.jpg?v=1767954901
 Najeeb , farmanrawa , BUR-NAJEE-XS , XS , -   ,
 Najeeb , farmanrawa , BUR-NAJEE-XL , XL , -   ,
 Najeeb , farmanrawa , BUR-NAJEE-L , L , -   ,
 Najeeb , farmanrawa , BUR-NAJEE-M , M , -   ,
 Naqees , shaandar , BUR-NAQEE-L , L , -   ,
 Naqees , shaandar , BUR-NAQEE-S , S , -   ,https://cdn.shopify.com/s/files/1/0622/3429/6405/files/DSC06698.jpg?v=1767954901
 Naqees , shaandar , BUR-NAQEE-XL , XL , -   ,
 Naqees , shaandar , BUR-NAQEE-M , M , -   ,
 Naqsh , junoon , BUR-NAQSH-L , L , -   ,
 Naqsh , junoon , BUR-NAQSH-S , S , -   ,https://cdn.shopify.com/s/files/1/0622/3429/6405/files/DSC06698.jpg?v=1767954901
 Naqsh , junoon , BUR-NAQSH-M , M , -   ,
 Naqsh , junoon , BUR-NAQSH-XL , XL , -   ,
 NATURAL , buraq-eid-edits-25 , BUR-NATUR-S , S , -   ,https://cdn.shopify.com/s/files/1/0622/3429/6405/files/DSC06698.jpg?v=1767954901
 NATURAL , buraq-eid-edits-25 , BUR-NATUR-M , M , -   ,
 NATURAL , buraq-eid-edits-25 , BUR-NATUR-XL , XL , -   ,
 NATURAL , buraq-eid-edits-25 , BUR-NATUR-L , L , -   ,
 Navy blue , buraq-west-west-drop-1 , BUR-NB-XXL , XXL , -   ,
 Navy blue , buraq-west-west-drop-1 , BUR-NB-L , L , -   ,
 Navy blue , buraq-west-west-drop-1 , BUR-NB-XL , XL , -   ,
 Navy blue , buraq-west-west-drop-1 , BUR-NB-M , M , -   ,
 Navy Blue Suiting Cap - Double Embroidery - Men , buraq-islamic-koofi-cap , BUR-NBSC--S-1 , S , -   ,https://cdn.shopify.com/s/files/1/0622/3429/6405/files/DSC06698.jpg?v=1767954901
 Navy Blue Suiting Cap - Double Embroidery - Men , buraq-islamic-koofi-cap , BUR-NBSC--L-1 , L , -   ,
 Navy Blue Suiting Cap - Double Embroidery - Men , buraq-islamic-koofi-cap , BUR-NBSC--XS-1 , XS , -   ,
 Navy Blue Suiting Cap - Double Embroidery - Men , buraq-islamic-koofi-cap , BUR-NBSC--XL-1 , XL , -   ,
 Navy Blue Suiting Cap - Double Embroidery - Men , buraq-islamic-koofi-cap , BUR-NBSC--M-1 , M , -   ,
 Nazaakat , zarif , BUR-NAZAA-XL , XL , -   ,
 Nazaakat , zarif , BUR-NAZAA-M , M , -   ,
 Nazaakat , zarif , BUR-NAZAA-L , L , -   ,
 Nazaakat , zarif , BUR-NAZAA-S , S , -   ,https://cdn.shopify.com/s/files/1/0622/3429/6405/files/DSC06698.jpg?v=1767954901
 Nilofar , zaviyaar , BUR-NILOF-M , M , -   ,
 Nilofar , zaviyaar , BUR-NILOF-XS , XS , -   ,
 Nilofar , zaviyaar , BUR-NILOF-S , S , -   ,https://cdn.shopify.com/s/files/1/0622/3429/6405/files/DSC06698.jpg?v=1767954901
 Nilofar , zaviyaar , BUR-NILOF-L , L , -   ,
 Nilofar , zaviyaar , BUR-NILOF-XL , XL , -   ,
 Nilofar , zaviyaar , BUR-NILOF-XXL , XXL , -   ,
 Noor , shan-e-buraq , BUR-NOOR-M-0 , M , -   ,
 Noor , shan-e-buraq , BUR-NOOR-XL-0 , XL , -   ,
 Noor , shan-e-buraq , BUR-NOOR-L-0 , L , -   ,
 Noor , shan-e-buraq , BUR-NOOR-S-0 , S , -   ,https://cdn.shopify.com/s/files/1/0622/3429/6405/files/DSC06698.jpg?v=1767954901
 Nuh , shan-e-eid , BUR-NUH-S , S , -   ,https://cdn.shopify.com/s/files/1/0622/3429/6405/files/DSC06698.jpg?v=1767954901
 Nuh , shan-e-eid , BUR-NUH-L , L , -   ,
 Nuh , shan-e-eid , BUR-NUH-XL , XL , -   ,
 Nuh , shan-e-eid , BUR-NUH-M , M , -   ,
 Nur , shan-e-eid , BUR-NUR-M , M , -   ,
 Nur , shan-e-eid , BUR-NUR-XL , XL , -   ,
 Nur , shan-e-eid , BUR-NUR-S , S , -   ,https://cdn.shopify.com/s/files/1/0622/3429/6405/files/DSC06698.jpg?v=1767954901
 Nur , shan-e-eid , BUR-NUR-L , L , -   ,
 Nuraan , shan-e-buraq , BUR-NURAA-S , S , -   ,https://cdn.shopify.com/s/files/1/0622/3429/6405/files/DSC06698.jpg?v=1767954901
 Nuraan , shan-e-buraq , BUR-NURAA-M , M , -   ,
 Nuraan , shan-e-buraq , BUR-NURAA-L , L , -   ,
 Nuraan , shan-e-buraq , BUR-NURAA-XL , XL , -   ,
 Off White Collar , alif-1 , BUR-OWC-S-0 , S , -   ,https://cdn.shopify.com/s/files/1/0622/3429/6405/files/DSC06698.jpg?v=1767954901
 Off White Collar , alif-1 , BUR-OWC-M-0 , M , -   ,
 Off White Collar , alif-1 , BUR-OWC-L-0 , L , -   ,
 Off White Collar , alif-1 , BUR-OWC-XL-0 , XL , -   ,
 Off White Collar  - Kameez Shalwar - Men , buraq-shahkaar , BUR-OWC-K-S-0 , S , -   ,https://cdn.shopify.com/s/files/1/0622/3429/6405/files/DSC06698.jpg?v=1767954901
 Off White Collar  - Kameez Shalwar - Men , buraq-shahkaar , BUR-OWC-K-L-0 , L , -   ,
 Off White Collar  - Kameez Shalwar - Men , buraq-shahkaar , BUR-OWC-K-XL-0 , XL , -   ,
 Off White Collar  - Kameez Shalwar - Men , buraq-shahkaar , BUR-OWC-K-M-0 , M , -   ,
 Off White Plain - Kameez Shalwar - Men , buraq-shahkaar , BUR-OWP-K-L-0 , L , -   ,
 Off White Plain - Kameez Shalwar - Men , buraq-shahkaar , BUR-OWP-K-XL-0 , XL , -   ,
 Off White Plain - Kameez Shalwar - Men , buraq-shahkaar , BUR-OWP-K-M-0 , M , -   ,
 Off White Plain - Kameez Shalwar - Men , buraq-shahkaar , BUR-OWP-K-S-0 , S , -   ,https://cdn.shopify.com/s/files/1/0622/3429/6405/files/DSC06698.jpg?v=1767954901
 Off-White , riwayat-0 , BUR-B0-S , S , -   ,https://cdn.shopify.com/s/files/1/0622/3429/6405/files/DSC06698.jpg?v=1767954901
 Off-White , riwayat-0 , BUR-OFF-W-XL , XL , -   ,
 Off-White , riwayat-0 , BUR-B0-M , M , -   ,
 Off-White , riwayat-0 , BUR-B0-XS , XS , -   ,
 Off-White , riwayat-0 , BUR-B0-L , L , -   ,
 Olive , riwayat-0 , BUR-GREY-XL , XL , -   ,
 Olive , riwayat-0 , BUR-GREY-XS , XS , -   ,
 Olive , riwayat-0 , BUR-GREY-M , M , -   ,
 Olive , riwayat-0 , BUR-GREY-S , S , -   ,https://cdn.shopify.com/s/files/1/0622/3429/6405/files/DSC06698.jpg?v=1767954901
 Olive , riwayat-0 , BUR-GREY-L , L , -   ,
 Olive Green , riwayat-0 , BUR-B0-M-0 , M , -   ,
 Olive Green , riwayat-0 , BUR-B0-L-0 , L , -   ,
 Olive Green , riwayat-0 , BUR-B0-S-0 , S , -   ,https://cdn.shopify.com/s/files/1/0622/3429/6405/files/DSC06698.jpg?v=1767954901
 Olive Green , riwayat-0 , BUR-B0-XL-0 , XL , -   ,
 Olive Green , riwayat-0 , BUR-B0-XS-0 , XS , -   ,
 OPAL WHITE , siqafat , BUR-OW-S , S , -   ,https://cdn.shopify.com/s/files/1/0622/3429/6405/files/DSC06698.jpg?v=1767954901
 OPAL WHITE , siqafat , BUR-OW-M , M , -   ,
 OPAL WHITE , siqafat , BUR-OW-XS , XS , -   ,
 OPAL WHITE , siqafat , BUR-OW-XL , XL , -   ,
 OPAL WHITE , siqafat , BUR-OW-L , L , -   ,
 PALE BLUE , buraq-eid-edits-25 , BUR-PB-M , M , -   ,
 PALE BLUE , buraq-eid-edits-25 , BUR-PB-L , L , -   ,
 PALE BLUE , buraq-eid-edits-25 , BUR-PB-XL , XL , -   ,
 PALE BLUE , buraq-eid-edits-25 , BUR-PB-S , S , -   ,https://cdn.shopify.com/s/files/1/0622/3429/6405/files/DSC06698.jpg?v=1767954901
 Parwaaz , junoon , BUR-PARWA-XL , XL , -   ,
 Parwaaz , junoon , BUR-PARWA-S , S , -   ,https://cdn.shopify.com/s/files/1/0622/3429/6405/files/DSC06698.jpg?v=1767954901
 Parwaaz , junoon , BUR-PARWA-L , L , -   ,
 Parwaaz , junoon , BUR-PARWA-M , M , -   ,
 PEARL WHITE , siqafat , BUR-PW-XL , XL , -   ,
 PEARL WHITE , siqafat , BUR-PW-S , S , -   ,https://cdn.shopify.com/s/files/1/0622/3429/6405/files/DSC06698.jpg?v=1767954901
 PEARL WHITE , siqafat , BUR-PW-M , M , -   ,
 PEARL WHITE , siqafat , BUR-PW-L , L , -   ,
 PEARL WHITE , siqafat , BUR-PW-XS , XS , -   ,
 Pink , buraq-west-west-drop-1 , BUR-PINK-XL , XL , -   ,
 Pink , buraq-west-west-drop-1 , BUR-PINK-XXL , XXL , -   ,
 Pink , buraq-west-west-drop-1 , BUR-PINK-M , M , -   ,
 Pink , buraq-west-west-drop-1 , BUR-PINK-L , L , -   ,
 Pink Stripper , buraq-west-west-drop-1 , BUR-PS-L , L , -   ,
 Pink Stripper , buraq-west-west-drop-1 , BUR-PS-XL , XL , -   ,
 Pink Stripper , buraq-west-west-drop-1 , BUR-PS-XXL , XXL , -   ,
 Pink Stripper , buraq-west-west-drop-1 , BUR-PS-M , M , -   ,
 POWDER , buraq-eid-edits-25 , BUR-POWDE-L , L , -   ,
 POWDER , buraq-eid-edits-25 , BUR-POWDE-M , M , -   ,
 POWDER , buraq-eid-edits-25 , BUR-POWDE-S , S , -   ,https://cdn.shopify.com/s/files/1/0622/3429/6405/files/DSC06698.jpg?v=1767954901
 POWDER , buraq-eid-edits-25 , BUR-POWDE-XL , XL , -   ,
 Premium Blended Cotton Men’s Suit in Creme , buraq-aks---e---shaam , BUR-PBCMS-S-0 , S , -   ,https://cdn.shopify.com/s/files/1/0622/3429/6405/files/DSC06698.jpg?v=1767954901
 Premium Blended Cotton Men’s Suit in Creme , buraq-aks---e---shaam , BUR-PBCMS-M-0 , M , -   ,
 Premium Blended Cotton Men’s Suit in Creme , buraq-aks---e---shaam , BUR-PBCMS-L-0 , L , -   ,
 Premium Blended Cotton Men’s Suit in Creme , buraq-aks---e---shaam , BUR-PBCMS-XL-0 , XL , -   ,
 Premium Cotton Men’s Suit in Graphite Black , buraq-aks---e---shaam , BUR-PCMSI-S-0 , S , -   ,https://cdn.shopify.com/s/files/1/0622/3429/6405/files/DSC06698.jpg?v=1767954901
 Premium Cotton Men’s Suit in Graphite Black , buraq-aks---e---shaam , BUR-PCMSI-M-0 , M , -   ,
 Premium Cotton Men’s Suit in Graphite Black , buraq-aks---e---shaam , BUR-PCMSI-L-0 , L , -   ,
 Premium Cotton Men’s Suit in Graphite Black , buraq-aks---e---shaam , BUR-PCMSI-XL-0 , XL , -   ,
 Product Title , Drop Handle , Variant SKU , Option1 , -   ,
 Qadir , zarif , BUR-QADIR-S , S , -   ,https://cdn.shopify.com/s/files/1/0622/3429/6405/files/DSC06698.jpg?v=1767954901
 Qadir , zarif , BUR-QADIR-XL , XL , -   ,
 Qadir , zarif , BUR-QADIR-L , L , -   ,
 Qadir , zarif , BUR-QADIR-M , M , -   ,
 Qaid , junoon , BUR-QAID-S , S , -   ,https://cdn.shopify.com/s/files/1/0622/3429/6405/files/DSC06698.jpg?v=1767954901
 Qaid , junoon , BUR-QAID-M , M , -   ,
 Qaid , junoon , BUR-QAID-XL , XL , -   ,
 Qaid , junoon , BUR-QAID-L , L , -   ,
 Qasid , farmanrawa , BUR-QASID-XL , XL , -   ,
 Qasid , farmanrawa , BUR-QASID-S , S , -   ,https://cdn.shopify.com/s/files/1/0622/3429/6405/files/DSC06698.jpg?v=1767954901
 Qasid , farmanrawa , BUR-QASID-L , L , -   ,
 Qasid , farmanrawa , BUR-QASID-M , M , -   ,
 Qasr , buraq-raahi , BUR-PBSWM-S-2 , S , -   ,https://cdn.shopify.com/s/files/1/0622/3429/6405/files/DSC06698.jpg?v=1767954901
 Qasr , buraq-raahi , BUR-PBSWM-XXL-2 , XXL , -   ,
 Qasr , buraq-raahi , BUR-PBSWM-L-2 , L , -   ,
 Qasr , buraq-raahi , BUR-PBSWM-XL-2 , XL , -   ,
 Qasr , buraq-raahi , BUR-PBSWM-M-2 , M , -   ,
 Rafee , shan-e-eid , BUR-RAFEE-XL , XL , -   ,
 Rafee , shan-e-eid , BUR-RAFEE-S , S , -   ,https://cdn.shopify.com/s/files/1/0622/3429/6405/files/DSC06698.jpg?v=1767954901
 Rafee , shan-e-eid , BUR-RAFEE-M , M , -   ,
 Rafee , shan-e-eid , BUR-RAFEE-L , L , -   ,
 Rameel , shan-e-buraq , BUR-RAMEE-L , L , -   ,
 Rameel , shan-e-buraq , BUR-RAMEE-XL , XL , -   ,
 Rameel , shan-e-buraq , BUR-RAMEE-S , S , -   ,https://cdn.shopify.com/s/files/1/0622/3429/6405/files/DSC06698.jpg?v=1767954901
 Rameel , shan-e-buraq , BUR-RAMEE-M , M , -   ,
 RANGREZ , buraq-abro , BUR-RANGR-L , L , -   ,
 RANGREZ , buraq-abro , BUR-RANGR-XL , XL , -   ,
 RANGREZ , buraq-abro , BUR-RANGR-M , M , -   ,
 RANGREZ , buraq-abro , BUR-RANGR-S , S , -   ,https://cdn.shopify.com/s/files/1/0622/3429/6405/files/DSC06698.jpg?v=1767954901
 rashk , buraq-ghumaan , BUR-RASHK-M , M , -   ,
 rashk , buraq-ghumaan , BUR-RASHK-L , L , -   ,
 rashk , buraq-ghumaan , BUR-RASHK-XL , XL , -   ,
 rashk , buraq-ghumaan , BUR-RASHK-S , S , -   ,https://cdn.shopify.com/s/files/1/0622/3429/6405/files/DSC06698.jpg?v=1767954901
 Rayyan , buraq-raahi , BUR-MCBEW-XL-0 , XL , -   ,
 Rayyan , buraq-raahi , BUR-MCBEW-M-0 , M , -   ,
 Rayyan , buraq-raahi , BUR-MCBEW-S-0 , S , -   ,https://cdn.shopify.com/s/files/1/0622/3429/6405/files/DSC06698.jpg?v=1767954901
 Rayyan , buraq-raahi , BUR-MCBEW-L-0 , L , -   ,
 Rayyan , buraq-raahi , BUR-MCBEW-XXL-0 , XXL , -   ,
 Red Stripper , buraq-west-west-drop-1 , BUR-RS-XL , XL , -   ,
 Red Stripper , buraq-west-west-drop-1 , BUR-RS-M , M , -   ,
 Red Stripper , buraq-west-west-drop-1 , BUR-RS-L , L , -   ,
 Red Stripper , buraq-west-west-drop-1 , BUR-RS-XXL , XXL , -   ,
 Rooh , shan-e-buraq , BUR-ROOH-L-0 , L , -   ,
 Rooh , shan-e-buraq , BUR-ROOH-M-0 , M , -   ,
 Rooh , shan-e-buraq , BUR-ROOH-XL-0 , XL , -   ,
 Rooh , shan-e-buraq , BUR-ROOH-S-0 , S , -   ,https://cdn.shopify.com/s/files/1/0622/3429/6405/files/DSC06698.jpg?v=1767954901
 Roshan , zaviyaar , BUR-ROSHA-S , S , -   ,https://cdn.shopify.com/s/files/1/0622/3429/6405/files/DSC06698.jpg?v=1767954901
 Roshan , zaviyaar , BUR-ROSHA-XXL , XXL , -   ,
 Roshan , zaviyaar , BUR-ROSHA-M , M , -   ,
 Roshan , zaviyaar , BUR-ROSHA-XS , XS , -   ,
 Roshan , zaviyaar , BUR-ROSHA-XL , XL , -   ,
 Roshan , zaviyaar , BUR-ROSHA-L , L , -   ,
 Royal Blue , riwayat-0 , BUR-RB-S , S , -   ,https://cdn.shopify.com/s/files/1/0622/3429/6405/files/DSC06698.jpg?v=1767954901
 Royal Blue , riwayat-0 , BUR-RB-XS , XS , -   ,
 Royal Blue , riwayat-0 , BUR-RB-XL , XL , -   ,
 Royal Blue , riwayat-0 , BUR-RB-L , L , -   ,
 Royal Blue , riwayat-0 , BUR-RB-M , M , -   ,
 ROYAL BLUE , siqafat , BUR-RB-XL-0 , XL , -   ,
 ROYAL BLUE , siqafat , BUR-RB-XS-0 , XS , -   ,
 ROYAL BLUE , siqafat , BUR-RB-M-0 , M , -   ,
 ROYAL BLUE , siqafat , BUR-RB-S-0 , S , -   ,https://cdn.shopify.com/s/files/1/0622/3429/6405/files/DSC06698.jpg?v=1767954901
 ROYAL BLUE , siqafat , BUR-RB-L-0 , L , -   ,
 Royal Blue Suiting Cap - Double Embroidery - Men , buraq-islamic-koofi-cap , BUR-RBSC--M-1 , M , -   ,
 Royal Blue Suiting Cap - Double Embroidery - Men , buraq-islamic-koofi-cap , BUR-RBSC--XS-1 , XS , -   ,
 Royal Blue Suiting Cap - Double Embroidery - Men , buraq-islamic-koofi-cap , BUR-RBSC--S-1 , S , -   ,https://cdn.shopify.com/s/files/1/0622/3429/6405/files/DSC06698.jpg?v=1767954901
 Royal Blue Suiting Cap - Double Embroidery - Men , buraq-islamic-koofi-cap , BUR-RBSC--L-1 , L , -   ,
 Royal Blue Suiting Cap - Double Embroidery - Men , buraq-islamic-koofi-cap , BUR-RBSC--XL-1 , XL , -   ,
 Royal Blue Suiting Cap - Single Embroidery - Men , buraq-islamic-koofi-cap , BUR-NBSC--S-0 , S , -   ,https://cdn.shopify.com/s/files/1/0622/3429/6405/files/DSC06698.jpg?v=1767954901
 Royal Blue Suiting Cap - Single Embroidery - Men , buraq-islamic-koofi-cap , BUR-NBSC--XS-0 , XS , -   ,
 Royal Blue Suiting Cap - Single Embroidery - Men , buraq-islamic-koofi-cap , BUR-NBSC--XL-0 , XL , -   ,
 Royal Blue Suiting Cap - Single Embroidery - Men , buraq-islamic-koofi-cap , BUR-NBSC--L-0 , L , -   ,
 Royal Blue Suiting Cap - Single Embroidery - Men , buraq-islamic-koofi-cap , BUR-NBSC--M-0 , M , -   ,
 Rumi , junoon , BUR-RUMI-XL , XL , -   ,
 Rumi , junoon , BUR-RUMI-L , L , -   ,
 Rumi , junoon , BUR-RUMI-M , M , -   ,
 Rumi , junoon , BUR-RUMI-S , S , -   ,https://cdn.shopify.com/s/files/1/0622/3429/6405/files/DSC06698.jpg?v=1767954901
 Rustam , junoon , BUR-RUSTA-M , M , -   ,
 Rustam , junoon , BUR-RUSTA-S , S , -   ,https://cdn.shopify.com/s/files/1/0622/3429/6405/files/DSC06698.jpg?v=1767954901
 Rustam , junoon , BUR-RUSTA-XL , XL , -   ,
 Rustam , junoon , BUR-RUSTA-L , L , -   ,
 Saahil , zaviyaar , BUR-SAAHI-XL , XL , -   ,
 Saahil , zaviyaar , BUR-SAAHI-XS , XS , -   ,
 Saahil , zaviyaar , BUR-SAAHI-L , L , -   ,
 Saahil , zaviyaar , BUR-SAAHI-S , S , -   ,https://cdn.shopify.com/s/files/1/0622/3429/6405/files/DSC06698.jpg?v=1767954901
 Saahil , zaviyaar , BUR-SAAHI-M , M , -   ,
 Saffar , buraq-raahi , BUR-PNBSW-S-0 , S , -   ,https://cdn.shopify.com/s/files/1/0622/3429/6405/files/DSC06698.jpg?v=1767954901
 Saffar , buraq-raahi , BUR-PNBSW-XXL-0 , XXL , -   ,
 Saffar , buraq-raahi , BUR-PNBSW-M-0 , M , -   ,
 Saffar , buraq-raahi , BUR-PNBSW-L-0 , L , -   ,
 Saffar , buraq-raahi , BUR-PNBSW-XL-0 , XL , -   ,
 Sage Green , buraq-west-west-drop-1 , BUR-LO-XL , XL , -   ,
 Sage Green , buraq-west-west-drop-1 , BUR-LO-M , M , -   ,
 Sage Green , buraq-west-west-drop-1 , BUR-LO-XXL , XXL , -   ,
 Sage Green , buraq-west-west-drop-1 , BUR-LO-L , L , -   ,
 Saif , shaandar , BUR-SAIF-XL , XL , -   ,
 Saif , shaandar , BUR-SAIF-L , L , -   ,
 Saif , shaandar , BUR-SAIF-M , M , -   ,
 Saif , shaandar , BUR-SAIF-S , S , -   ,https://cdn.shopify.com/s/files/1/0622/3429/6405/files/DSC06698.jpg?v=1767954901
 Sarmad , shaandar , BUR-SARMA-L , L , -   ,
 Sarmad , shaandar , BUR-SARMA-XL , XL , -   ,
 Sarmad , shaandar , BUR-SARMA-M , M , -   ,
 Sarmad , shaandar , BUR-SARMA-S , S , -   ,https://cdn.shopify.com/s/files/1/0622/3429/6405/files/DSC06698.jpg?v=1767954901
 Sarmad , shan-e-buraq , BUR-SARMA-L-0 , L , -   ,
 Sarmad , shan-e-buraq , BUR-SARMA-M-0 , M , -   ,
 Sarmad , shan-e-buraq , BUR-SARMA-S-0 , S , -   ,https://cdn.shopify.com/s/files/1/0622/3429/6405/files/DSC06698.jpg?v=1767954901
 Sarmad , shan-e-buraq , BUR-SARMA-XL-0 , XL , -   ,
 Sea Green Ban , alif-1 , BUR-B0-M-9 , M , -   ,
 Sea Green Ban , alif-1 , BUR-B0-XS-9 , XS , -   ,
 Sea Green Ban , alif-1 , BUR-AGB-XL , XL , -   ,
 Sea Green Ban , alif-1 , BUR-B0-L-9 , L , -   ,
 Sea Green Ban , alif-1 , BUR-B0-S-9 , S , -   ,https://cdn.shopify.com/s/files/1/0622/3429/6405/files/DSC06698.jpg?v=1767954901
 Seljuk , buraq-raahi , BUR-PCOSW-S-0 , S , -   ,https://cdn.shopify.com/s/files/1/0622/3429/6405/files/DSC06698.jpg?v=1767954901
 Seljuk , buraq-raahi , BUR-PCOSW-L-0 , L , -   ,
 Seljuk , buraq-raahi , BUR-PCOSW-M-0 , M , -   ,
 Seljuk , buraq-raahi , BUR-PCOSW-XL-0 , XL , -   ,
 Seljuk , buraq-raahi , BUR-PCOSW-XXL-0 , XXL , -   ,
 Shaafi , junoon , BUR-SHAAF-S , S , -   ,https://cdn.shopify.com/s/files/1/0622/3429/6405/files/DSC06698.jpg?v=1767954901
 Shaafi , junoon , BUR-SHAAF-XL , XL , -   ,
 Shaafi , junoon , BUR-SHAAF-L , L , -   ,
 Shaafi , junoon , BUR-SHAAF-M , M , -   ,
 shafaq , buraq-ghumaan , BUR-SHAFA-M , M , -   ,
 shafaq , buraq-ghumaan , BUR-SHAFA-XL , XL , -   ,
 shafaq , buraq-ghumaan , BUR-SHAFA-L , L , -   ,
 shafaq , buraq-ghumaan , BUR-SHAFA-S , S , -   ,https://cdn.shopify.com/s/files/1/0622/3429/6405/files/DSC06698.jpg?v=1767954901
 shaffaf , buraq-ghumaan , BUR-SHAFF-XL , XL , -   ,
 shaffaf , buraq-ghumaan , BUR-SHAFF-M , M , -   ,
 shaffaf , buraq-ghumaan , BUR-SHAFF-S , S , -   ,https://cdn.shopify.com/s/files/1/0622/3429/6405/files/DSC06698.jpg?v=1767954901
 shaffaf , buraq-ghumaan , BUR-SHAFF-L , L , -   ,
 Shafi ,, BUR-SHAFI-L , L , -   ,
 Shafi ,, BUR-SHAFI-XL , XL , -   ,
 Shafi ,, BUR-SHAFI-M , M , -   ,
 Shafi ,, BUR-SHAFI-S , S , -   ,https://cdn.shopify.com/s/files/1/0622/3429/6405/files/DSC06698.jpg?v=1767954901
 Shehzada , zaviyaar , BUR-SHEHZ-M , M , -   ,
 Shehzada , zaviyaar , BUR-SHEHZ-S , S , -   ,https://cdn.shopify.com/s/files/1/0622/3429/6405/files/DSC06698.jpg?v=1767954901
 Shehzada , zaviyaar , BUR-SHEHZ-XL , XL , -   ,
 Shehzada , zaviyaar , BUR-SHEHZ-XS , XS , -   ,
 Shehzada , zaviyaar , BUR-SHEHZ-L , L , -   ,
 Shikwa , zaviyaar , BUR-SHIKW-S , S , -   ,https://cdn.shopify.com/s/files/1/0622/3429/6405/files/DSC06698.jpg?v=1767954901
 Shikwa , zaviyaar , BUR-SHIKW-XS , XS , -   ,
 Shikwa , zaviyaar , BUR-SHIKW-L , L , -   ,
 Shikwa , zaviyaar , BUR-SHIKW-XXL , XXL , -   ,
 Shikwa , zaviyaar , BUR-SHIKW-M , M , -   ,
 Shikwa , zaviyaar , BUR-SHIKW-XL , XL , -   ,
 Shiraz , buraq-raahi , BUR-PLFWF-S-0 , S , -   ,https://cdn.shopify.com/s/files/1/0622/3429/6405/files/DSC06698.jpg?v=1767954901
 Shiraz , buraq-raahi , BUR-PLFWF-L-0 , L , -   ,
 Shiraz , buraq-raahi , BUR-PLFWF-M-0 , M , -   ,
 Shiraz , buraq-raahi , BUR-PLFWF-XL-0 , XL , -   ,
 Shiraz , buraq-raahi , BUR-PLFWF-XXL-0 , XXL , -   ,
 Siraj , junoon , BUR-SIRAJ-XL , XL , -   ,
 Siraj , junoon , BUR-SIRAJ-M , M , -   ,
 Siraj , junoon , BUR-SIRAJ-S , S , -   ,https://cdn.shopify.com/s/files/1/0622/3429/6405/files/DSC06698.jpg?v=1767954901
 Siraj , junoon , BUR-SIRAJ-L , L , -   ,
 Skin Ban , alif-1 , BUR-B0-XS-6 , XS , -   ,
 Skin Ban , alif-1 , BUR-B0-S-6 , S , -   ,https://cdn.shopify.com/s/files/1/0622/3429/6405/files/DSC06698.jpg?v=1767954901
 Skin Ban , alif-1 , BUR-B0-M-6 , M , -   ,
 Skin Ban , alif-1 , BUR-B0-L-6 , L , -   ,
 Skin Ban , alif-1 , BUR-B0-XL-6 , XL , -   ,
 Skin Collared , alif-1 , BUR-B0-M-8 , M , -   ,
 Skin Collared , alif-1 , BUR-SC-L , L , -   ,
 Skin Collared , alif-1 , BUR-B0-S-8 , S , -   ,https://cdn.shopify.com/s/files/1/0622/3429/6405/files/DSC06698.jpg?v=1767954901
 Skin Collared , alif-1 , BUR-SC-XL , XL , -   ,
 SKY BLUE , buraq-eid-edits-25 , BUR-SB-S-0 , S , -   ,https://cdn.shopify.com/s/files/1/0622/3429/6405/files/DSC06698.jpg?v=1767954901
 SKY BLUE , buraq-eid-edits-25 , BUR-SB-L-0 , L , -   ,
 SKY BLUE , buraq-eid-edits-25 , BUR-SB-XL-0 , XL , -   ,
 SKY BLUE , buraq-eid-edits-25 , BUR-SB-M-0 , M , -   ,
 Sky Blue , riwayat-0 , BUR-SB-XL , XL , -   ,
 Sky Blue , riwayat-0 , BUR-SB-L , L , -   ,
 Sky Blue , riwayat-0 , BUR-SB-XS , XS , -   ,
 Sky Blue , riwayat-0 , BUR-SB-S , S , -   ,https://cdn.shopify.com/s/files/1/0622/3429/6405/files/DSC06698.jpg?v=1767954901
 Sky Blue , riwayat-0 , BUR-SB-M , M , -   ,
 SLADE BLUE , buraq-eid-edits-25 , BUR-SB-XL-1 , XL , -   ,
 SLADE BLUE , buraq-eid-edits-25 , BUR-SB-M-1 , M , -   ,
 SLADE BLUE , buraq-eid-edits-25 , BUR-SB-L-1 , L , -   ,
 SLADE BLUE , buraq-eid-edits-25 , BUR-SB-S-1 , S , -   ,https://cdn.shopify.com/s/files/1/0622/3429/6405/files/DSC06698.jpg?v=1767954901
 Slate Blue , buraq-eid-edits-25 , BUR-SB-XL-2 , XL , -   ,
 Slate Blue , buraq-eid-edits-25 , BUR-SB-M-2 , M , -   ,
 Slate Blue , buraq-eid-edits-25 , BUR-SB-L-2 , L , -   ,
 Slate Blue , buraq-eid-edits-25 , BUR-SB-S-2 , S , -   ,https://cdn.shopify.com/s/files/1/0622/3429/6405/files/DSC06698.jpg?v=1767954901
 Sultan , zarif , BUR-SULTA-M , M , -   ,
 Sultan , zarif , BUR-SULTA-S , S , -   ,https://cdn.shopify.com/s/files/1/0622/3429/6405/files/DSC06698.jpg?v=1767954901
 Sultan , zarif , BUR-SULTA-L , L , -   ,
 Sultan , zarif , BUR-SULTA-XL , XL , -   ,
 Sultan-e-Misaq , zarif , BUR-SULTA-XL-0 , XL , -   ,
 Sultan-e-Misaq , zarif , BUR-SULTA-S-0 , S , -   ,https://cdn.shopify.com/s/files/1/0622/3429/6405/files/DSC06698.jpg?v=1767954901
 Sultan-e-Misaq , zarif , BUR-SULTA-L-0 , L , -   ,
 Sultan-e-Misaq , zarif , BUR-SULTA-M-0 , M , -   ,
 Taimur , buraq-raahi , BUR-PBSWM-XXL-1 , XXL , -   ,
 Taimur , buraq-raahi , BUR-PBSWM-S-1 , S , -   ,https://cdn.shopify.com/s/files/1/0622/3429/6405/files/DSC06698.jpg?v=1767954901
 Taimur , buraq-raahi , BUR-PBSWM-M-1 , M , -   ,
 Taimur , buraq-raahi , BUR-PBSWM-L-1 , L , -   ,
 Taimur , buraq-raahi , BUR-PBSWM-XL-1 , XL , -   ,
 tajalli , buraq-ghumaan , BUR-TAJAL-M , M , -   ,
 tajalli , buraq-ghumaan , BUR-TAJAL-S , S , -   ,https://cdn.shopify.com/s/files/1/0622/3429/6405/files/DSC06698.jpg?v=1767954901
 tajalli , buraq-ghumaan , BUR-TAJAL-XL , XL , -   ,
 tajalli , buraq-ghumaan , BUR-TAJAL-L , L , -   ,
 Taqi , shan-e-eid , BUR-TAQI-S , S , -   ,https://cdn.shopify.com/s/files/1/0622/3429/6405/files/DSC06698.jpg?v=1767954901
 Taqi , shan-e-eid , BUR-TAQI-L , L , -   ,
 Taqi , shan-e-eid , BUR-TAQI-XL , XL , -   ,
 Taqi , shan-e-eid , BUR-TAQI-M , M , -   ,
 Tasawar , shan-e-buraq , BUR-TASAW-M-0 , M , -   ,
 Tasawar , shan-e-buraq , BUR-TASAW-L-0 , L , -   ,
 Tasawar , shan-e-buraq , BUR-TASAW-S-0 , S , -   ,https://cdn.shopify.com/s/files/1/0622/3429/6405/files/DSC06698.jpg?v=1767954901
 Tasawar , shan-e-buraq , BUR-TASAW-XL-0 , XL , -   ,
 Tashfeen , shan-e-buraq , BUR-TASHF-XL , XL , -   ,
 Tashfeen , shan-e-buraq , BUR-TASHF-S , S , -   ,https://cdn.shopify.com/s/files/1/0622/3429/6405/files/DSC06698.jpg?v=1767954901
 Tashfeen , shan-e-buraq , BUR-TASHF-L , L , -   ,
 Tashfeen , shan-e-buraq , BUR-TASHF-M , M , -   ,
 Tehzeeb , zaviyaar , BUR-TEHZE-S , S , -   ,https://cdn.shopify.com/s/files/1/0622/3429/6405/files/DSC06698.jpg?v=1767954901
 Tehzeeb , zaviyaar , BUR-TEHZE-XXL , XXL , -   ,
 Tehzeeb , zaviyaar , BUR-TEHZE-M , M , -   ,
 Tehzeeb , zaviyaar , BUR-TEHZE-XS , XS , -   ,
 Tehzeeb , zaviyaar , BUR-TEHZE-L , L , -   ,
 Tehzeeb , zaviyaar , BUR-TEHZE-XL , XL , -   ,
 Tughlaq , buraq-raahi , BUR-MBEW--L-0 , L , -   ,
 Tughlaq , buraq-raahi , BUR-MBEW--M-0 , M , -   ,
 Tughlaq , buraq-raahi , BUR-MBEW--S-0 , S , -   ,https://cdn.shopify.com/s/files/1/0622/3429/6405/files/DSC06698.jpg?v=1767954901
 Tughlaq , buraq-raahi , BUR-MBEW--XL-0 , XL , -   ,
 Tughlaq , buraq-raahi , BUR-MBEW--XXL-0 , XXL , -   ,
 Turquise , buraq-west-west-drop-1 , BUR-TURQU-L , L , -   ,
 Turquise , buraq-west-west-drop-1 , BUR-TURQU-M , M , -   ,
 Turquise , buraq-west-west-drop-1 , BUR-TURQU-XL , XL , -   ,
 Turquise , buraq-west-west-drop-1 , BUR-TURQU-XXL , XXL , -   ,
 Uni-White Collar , alif-1 , BUR-UC-XL-0 , XL , -   ,
 Uni-White Collar , alif-1 , BUR-UC-L-0 , L , -   ,
 Uni-White Collar , alif-1 , BUR-UC-S-0 , S , -   ,https://cdn.shopify.com/s/files/1/0622/3429/6405/files/DSC06698.jpg?v=1767954901
 Uni-White Collar , alif-1 , BUR-UC-M-0 , M , -   ,
 Virsa , zaviyaar , BUR-VIRSA-XXL , XXL , -   ,
 Virsa , zaviyaar , BUR-VIRSA-S , S , -   ,https://cdn.shopify.com/s/files/1/0622/3429/6405/files/DSC06698.jpg?v=1767954901
 Virsa , zaviyaar , BUR-VIRSA-XS , XS , -   ,
 Virsa , zaviyaar , BUR-VIRSA-XL , XL , -   ,
 Virsa , zaviyaar , BUR-VIRSA-L , L , -   ,
 Virsa , zaviyaar , BUR-VIRSA-M , M , -   ,
 wajd , buraq-ghumaan , BUR-WAJD-L , L , -   ,
 wajd , buraq-ghumaan , BUR-WAJD-S , S , -   ,https://cdn.shopify.com/s/files/1/0622/3429/6405/files/DSC06698.jpg?v=1767954901
 wajd , buraq-ghumaan , BUR-WAJD-XL , XL , -   ,
 wajd , buraq-ghumaan , BUR-WAJD-M , M , -   ,
 wasl , buraq-ghumaan , BUR-WASL-M , M , -   ,
 wasl , buraq-ghumaan , BUR-WASL-S , S , -   ,https://cdn.shopify.com/s/files/1/0622/3429/6405/files/DSC06698.jpg?v=1767954901
 wasl , buraq-ghumaan , BUR-WASL-XL , XL , -   ,
 wasl , buraq-ghumaan , BUR-WASL-L , L , -   ,
 White , buraq-west-west-drop-1 , BUR-WHITE-L-1 , L , -   ,
 White , buraq-west-west-drop-1 , BUR-WHITE-XL-1 , XL , -   ,
 White , buraq-west-west-drop-1 , BUR-WHITE-M-1 , M , -   ,
 White , buraq-west-west-drop-1 , BUR-WHITE-XXL , XXL , -   ,
 White , riwayat-0 , BUR-WHITE-M , M , -   ,
 White , riwayat-0 , BUR-WHITE-XL , XL , -   ,
 White , riwayat-0 , BUR-WHITE-S , S , -   ,https://cdn.shopify.com/s/files/1/0622/3429/6405/files/DSC06698.jpg?v=1767954901
 White , riwayat-0 , BUR-WHITE-XS , XS , -   ,
 White , riwayat-0 , BUR-WHITE-L , L , -   ,
 White Ban , alif-1 , BUR-B0-M-3 , M , -   ,
 White Ban , alif-1 , BUR-WB-XL , XL , -   ,
 White Ban , alif-1 , BUR-B0-L-3 , L , -   ,
 White Ban , alif-1 , BUR-B0-S-3 , S , -   ,https://cdn.shopify.com/s/files/1/0622/3429/6405/files/DSC06698.jpg?v=1767954901
 White Collared , alif-1 , BUR-WC-XL , XL , -   ,
 White Collared , alif-1 , BUR-B0-M-5 , M , -   ,
 White Collared , alif-1 , BUR-B0-L-5 , L , -   ,
 White Collared , alif-1 , BUR-B0-S-5 , S , -   ,https://cdn.shopify.com/s/files/1/0622/3429/6405/files/DSC06698.jpg?v=1767954901
 White Men's Kameez Shalwar with Mandarin Style , buraq-aks---e---shaam , BUR-WMKSW-XL-0 , XL , -   ,
 White Men's Kameez Shalwar with Mandarin Style , buraq-aks---e---shaam , BUR-WMKSW-S-0 , S , -   ,https://cdn.shopify.com/s/files/1/0622/3429/6405/files/DSC06698.jpg?v=1767954901
 White Men's Kameez Shalwar with Mandarin Style , buraq-aks---e---shaam , BUR-WMKSW-M-0 , M , -   ,
 White Men's Kameez Shalwar with Mandarin Style , buraq-aks---e---shaam , BUR-WMKSW-L-0 , L , -   ,
 White Stripper , buraq-west-west-drop-1 , BUR-WS-L-0 , L , -   ,
 White Stripper , buraq-west-west-drop-1 , BUR-WS-XXL-0 , XXL , -   ,
 White Stripper , buraq-west-west-drop-1 , BUR-WS-XL-0 , XL , -   ,
 White Stripper , buraq-west-west-drop-1 , BUR-WS-M-0 , M , -   ,
 White Stripper , buraq-west-west-drop-1 , BUR-WS-L , L , -   ,
 White Stripper , buraq-west-west-drop-1 , BUR-WS-XXL , XXL , -   ,
 White Stripper , buraq-west-west-drop-1 , BUR-WS-M , M , -   ,
 White Stripper , buraq-west-west-drop-1 , BUR-WS-XL , XL , -   ,
 White Suiting Cap - Double Embroidery - Men , buraq-islamic-koofi-cap , BUR-WSC-D-S-0 , S , -   ,https://cdn.shopify.com/s/files/1/0622/3429/6405/files/DSC06698.jpg?v=1767954901
 White Suiting Cap - Double Embroidery - Men , buraq-islamic-koofi-cap , BUR-WSC-D-XL-0 , XL , -   ,
 White Suiting Cap - Double Embroidery - Men , buraq-islamic-koofi-cap , BUR-WSC-D-XS-0 , XS , -   ,
 White Suiting Cap - Double Embroidery - Men , buraq-islamic-koofi-cap , BUR-WSC-D-L-0 , L , -   ,
 White Suiting Cap - Double Embroidery - Men , buraq-islamic-koofi-cap , BUR-WSC-D-M-0 , M , -   ,
 White Suiting Cap - Single Embroidery - Men , buraq-islamic-koofi-cap , BUR-WSC-S-S-0 , S , -   ,https://cdn.shopify.com/s/files/1/0622/3429/6405/files/DSC06698.jpg?v=1767954901
 White Suiting Cap - Single Embroidery - Men , buraq-islamic-koofi-cap , BUR-WSC-S-M-0 , M , -   ,
 White Suiting Cap - Single Embroidery - Men , buraq-islamic-koofi-cap , BUR-WSC-S-XS-0 , XS , -   ,
 White Suiting Cap - Single Embroidery - Men , buraq-islamic-koofi-cap , BUR-WSC-S-L-0 , L , -   ,
 White Suiting Cap - Single Embroidery - Men , buraq-islamic-koofi-cap , BUR-WSC-S-XL-0 , XL , -   ,
 zalwa , buraq-ghumaan , BUR-ZALWA-L , L , -   ,
 zalwa , buraq-ghumaan , BUR-ZALWA-XL , XL , -   ,
 zalwa , buraq-ghumaan , BUR-ZALWA-M , M , -   ,
 zalwa , buraq-ghumaan , BUR-ZALWA-S , S , -   ,https://cdn.shopify.com/s/files/1/0622/3429/6405/files/DSC06698.jpg?v=1767954901
 Zameer , shaandar , BUR-ZAMEE-M , M , -   ,
 Zameer , shaandar , BUR-ZAMEE-S , S , -   ,https://cdn.shopify.com/s/files/1/0622/3429/6405/files/DSC06698.jpg?v=1767954901
 Zameer , shaandar , BUR-ZAMEE-XL , XL , -   ,
 Zameer , shaandar , BUR-ZAMEE-L , L , -   ,
 Zameer , shan-e-buraq , BUR-ZAMEE-M-0 , M , -   ,
 Zameer , shan-e-buraq , BUR-ZAMEE-S-0 , S , -   ,https://cdn.shopify.com/s/files/1/0622/3429/6405/files/DSC06698.jpg?v=1767954901
 Zameer , shan-e-buraq , BUR-ZAMEE-L-0 , L , -   ,
 Zameer , shan-e-buraq , BUR-ZAMEE-XL-0 , XL , -   ,
 Zarqash , zarif , BUR-ZARQA-S , S , -   ,https://cdn.shopify.com/s/files/1/0622/3429/6405/files/DSC06698.jpg?v=1767954901
 Zarqash , zarif , BUR-ZARQA-XL , XL , -   ,
 Zarqash , zarif , BUR-ZARQA-M , M , -   ,
 Zarqash , zarif , BUR-ZARQA-L , L , -   ,
 Zarrar , buraq-raahi , BUR-PLBSW-M-0 , M , -   ,
 Zarrar , buraq-raahi , BUR-PLBSW-L-0 , L , -   ,
 Zarrar , buraq-raahi , BUR-PLBSW-S-0 , S , -   ,https://cdn.shopify.com/s/files/1/0622/3429/6405/files/DSC06698.jpg?v=1767954901
 Zarrar , buraq-raahi , BUR-PLBSW-XXL-0 , XXL , -   ,
 Zarrar , buraq-raahi , BUR-PLBSW-XL-0 , XL , -   ,
 ZENAT , buraq-abro , BUR-ZENAT-XL , XL , -   ,
 ZENAT , buraq-abro , BUR-ZENAT-S , S , -   ,https://cdn.shopify.com/s/files/1/0622/3429/6405/files/DSC06698.jpg?v=1767954901
 ZENAT , buraq-abro , BUR-ZENAT-L , L , -   ,
 ZENAT , buraq-abro , BUR-ZENAT-M , M , -   ,
 zerqa , buraq-ghumaan , BUR-ZERQA-L , L , -   ,
 zerqa , buraq-ghumaan , BUR-ZERQA-S , S , -   ,https://cdn.shopify.com/s/files/1/0622/3429/6405/files/DSC06698.jpg?v=1767954901
 zerqa , buraq-ghumaan , BUR-ZERQA-M , M , -   ,
 zerqa , buraq-ghumaan , BUR-ZERQA-XL , XL , -   ,
 Zorawar , junoon , BUR-ZORAW-S , S , -   ,https://cdn.shopify.com/s/files/1/0622/3429/6405/files/DSC06698.jpg?v=1767954901
 Zorawar , junoon , BUR-ZORAW-XL , XL , -   ,
 Zorawar , junoon , BUR-ZORAW-L , L , -   ,
 Zorawar , junoon , BUR-ZORAW-M , M , -   ,
